YEAR,QUARTER,BAABOND1,BAABOND2,BAABOND3,BAABOND4,BAABOND5,BAABOND6,BAABONDA,BAABONDB
1968,4,#N/A,#N/A,#N/A,#N/A,#N/A,#N/A,#N/A,#N/A
1969,1,#N/A,#N/A,#N/A,#N/A,#N/A,#N/A,#N/A,#N/A
1969,2,#N/A,#N/A,#N/A,#N/A,#N/A,#N/A,#N/A,#N/A
1969,3,#N/A,#N/A,#N/A,#N/A,#N/A,#N/A,#N/A,#N/A
1969,4,#N/A,#N/A,#N/A,#N/A,#N/A,#N/A,#N/A,#N/A
1970,1,#N/A,#N/A,#N/A,#N/A,#N/A,#N/A,#N/A,#N/A
1970,2,#N/A,#N/A,#N/A,#N/A,#N/A,#N/A,#N/A,#N/A
1970,3,#N/A,#N/A,#N/A,#N/A,#N/A,#N/A,#N/A,#N/A
1970,4,#N/A,#N/A,#N/A,#N/A,#N/A,#N/A,#N/A,#N/A
1971,1,#N/A,#N/A,#N/A,#N/A,#N/A,#N/A,#N/A,#N/A
1971,2,#N/A,#N/A,#N/A,#N/A,#N/A,#N/A,#N/A,#N/A
1971,3,#N/A,#N/A,#N/A,#N/A,#N/A,#N/A,#N/A,#N/A
1971,4,#N/A,#N/A,#N/A,#N/A,#N/A,#N/A,#N/A,#N/A
1972,1,#N/A,#N/A,#N/A,#N/A,#N/A,#N/A,#N/A,#N/A
1972,2,#N/A,#N/A,#N/A,#N/A,#N/A,#N/A,#N/A,#N/A
1972,3,#N/A,#N/A,#N/A,#N/A,#N/A,#N/A,#N/A,#N/A
1972,4,#N/A,#N/A,#N/A,#N/A,#N/A,#N/A,#N/A,#N/A
1973,1,#N/A,#N/A,#N/A,#N/A,#N/A,#N/A,#N/A,#N/A
1973,2,#N/A,#N/A,#N/A,#N/A,#N/A,#N/A,#N/A,#N/A
1973,3,#N/A,#N/A,#N/A,#N/A,#N/A,#N/A,#N/A,#N/A
1973,4,#N/A,#N/A,#N/A,#N/A,#N/A,#N/A,#N/A,#N/A
1974,1,#N/A,#N/A,#N/A,#N/A,#N/A,#N/A,#N/A,#N/A
1974,2,#N/A,#N/A,#N/A,#N/A,#N/A,#N/A,#N/A,#N/A
1974,3,#N/A,#N/A,#N/A,#N/A,#N/A,#N/A,#N/A,#N/A
1974,4,#N/A,#N/A,#N/A,#N/A,#N/A,#N/A,#N/A,#N/A
1975,1,#N/A,#N/A,#N/A,#N/A,#N/A,#N/A,#N/A,#N/A
1975,2,#N/A,#N/A,#N/A,#N/A,#N/A,#N/A,#N/A,#N/A
1975,3,#N/A,#N/A,#N/A,#N/A,#N/A,#N/A,#N/A,#N/A
1975,4,#N/A,#N/A,#N/A,#N/A,#N/A,#N/A,#N/A,#N/A
1976,1,#N/A,#N/A,#N/A,#N/A,#N/A,#N/A,#N/A,#N/A
1976,2,#N/A,#N/A,#N/A,#N/A,#N/A,#N/A,#N/A,#N/A
1976,3,#N/A,#N/A,#N/A,#N/A,#N/A,#N/A,#N/A,#N/A
1976,4,#N/A,#N/A,#N/A,#N/A,#N/A,#N/A,#N/A,#N/A
1977,1,#N/A,#N/A,#N/A,#N/A,#N/A,#N/A,#N/A,#N/A
1977,2,#N/A,#N/A,#N/A,#N/A,#N/A,#N/A,#N/A,#N/A
1977,3,#N/A,#N/A,#N/A,#N/A,#N/A,#N/A,#N/A,#N/A
1977,4,#N/A,#N/A,#N/A,#N/A,#N/A,#N/A,#N/A,#N/A
1978,1,#N/A,#N/A,#N/A,#N/A,#N/A,#N/A,#N/A,#N/A
1978,2,#N/A,#N/A,#N/A,#N/A,#N/A,#N/A,#N/A,#N/A
1978,3,#N/A,#N/A,#N/A,#N/A,#N/A,#N/A,#N/A,#N/A
1978,4,#N/A,#N/A,#N/A,#N/A,#N/A,#N/A,#N/A,#N/A
1979,1,#N/A,#N/A,#N/A,#N/A,#N/A,#N/A,#N/A,#N/A
1979,2,#N/A,#N/A,#N/A,#N/A,#N/A,#N/A,#N/A,#N/A
1979,3,#N/A,#N/A,#N/A,#N/A,#N/A,#N/A,#N/A,#N/A
1979,4,#N/A,#N/A,#N/A,#N/A,#N/A,#N/A,#N/A,#N/A
1980,1,#N/A,#N/A,#N/A,#N/A,#N/A,#N/A,#N/A,#N/A
1980,2,#N/A,#N/A,#N/A,#N/A,#N/A,#N/A,#N/A,#N/A
1980,3,#N/A,#N/A,#N/A,#N/A,#N/A,#N/A,#N/A,#N/A
1980,4,#N/A,#N/A,#N/A,#N/A,#N/A,#N/A,#N/A,#N/A
1981,1,#N/A,#N/A,#N/A,#N/A,#N/A,#N/A,#N/A,#N/A
1981,2,#N/A,#N/A,#N/A,#N/A,#N/A,#N/A,#N/A,#N/A
1981,3,#N/A,#N/A,#N/A,#N/A,#N/A,#N/A,#N/A,#N/A
1981,4,#N/A,#N/A,#N/A,#N/A,#N/A,#N/A,#N/A,#N/A
1982,1,#N/A,#N/A,#N/A,#N/A,#N/A,#N/A,#N/A,#N/A
1982,2,#N/A,#N/A,#N/A,#N/A,#N/A,#N/A,#N/A,#N/A
1982,3,#N/A,#N/A,#N/A,#N/A,#N/A,#N/A,#N/A,#N/A
1982,4,#N/A,#N/A,#N/A,#N/A,#N/A,#N/A,#N/A,#N/A
1983,1,#N/A,#N/A,#N/A,#N/A,#N/A,#N/A,#N/A,#N/A
1983,2,#N/A,#N/A,#N/A,#N/A,#N/A,#N/A,#N/A,#N/A
1983,3,#N/A,#N/A,#N/A,#N/A,#N/A,#N/A,#N/A,#N/A
1983,4,#N/A,#N/A,#N/A,#N/A,#N/A,#N/A,#N/A,#N/A
1984,1,#N/A,#N/A,#N/A,#N/A,#N/A,#N/A,#N/A,#N/A
1984,2,#N/A,#N/A,#N/A,#N/A,#N/A,#N/A,#N/A,#N/A
1984,3,#N/A,#N/A,#N/A,#N/A,#N/A,#N/A,#N/A,#N/A
1984,4,#N/A,#N/A,#N/A,#N/A,#N/A,#N/A,#N/A,#N/A
1985,1,#N/A,#N/A,#N/A,#N/A,#N/A,#N/A,#N/A,#N/A
1985,2,#N/A,#N/A,#N/A,#N/A,#N/A,#N/A,#N/A,#N/A
1985,3,#N/A,#N/A,#N/A,#N/A,#N/A,#N/A,#N/A,#N/A
1985,4,#N/A,#N/A,#N/A,#N/A,#N/A,#N/A,#N/A,#N/A
1986,1,#N/A,#N/A,#N/A,#N/A,#N/A,#N/A,#N/A,#N/A
1986,2,#N/A,#N/A,#N/A,#N/A,#N/A,#N/A,#N/A,#N/A
1986,3,#N/A,#N/A,#N/A,#N/A,#N/A,#N/A,#N/A,#N/A
1986,4,#N/A,#N/A,#N/A,#N/A,#N/A,#N/A,#N/A,#N/A
1987,1,#N/A,#N/A,#N/A,#N/A,#N/A,#N/A,#N/A,#N/A
1987,2,#N/A,#N/A,#N/A,#N/A,#N/A,#N/A,#N/A,#N/A
1987,3,#N/A,#N/A,#N/A,#N/A,#N/A,#N/A,#N/A,#N/A
1987,4,#N/A,#N/A,#N/A,#N/A,#N/A,#N/A,#N/A,#N/A
1988,1,#N/A,#N/A,#N/A,#N/A,#N/A,#N/A,#N/A,#N/A
1988,2,#N/A,#N/A,#N/A,#N/A,#N/A,#N/A,#N/A,#N/A
1988,3,#N/A,#N/A,#N/A,#N/A,#N/A,#N/A,#N/A,#N/A
1988,4,#N/A,#N/A,#N/A,#N/A,#N/A,#N/A,#N/A,#N/A
1989,1,#N/A,#N/A,#N/A,#N/A,#N/A,#N/A,#N/A,#N/A
1989,2,#N/A,#N/A,#N/A,#N/A,#N/A,#N/A,#N/A,#N/A
1989,3,#N/A,#N/A,#N/A,#N/A,#N/A,#N/A,#N/A,#N/A
1989,4,#N/A,#N/A,#N/A,#N/A,#N/A,#N/A,#N/A,#N/A
1990,1,#N/A,#N/A,#N/A,#N/A,#N/A,#N/A,#N/A,#N/A
1990,2,#N/A,#N/A,#N/A,#N/A,#N/A,#N/A,#N/A,#N/A
1990,3,#N/A,#N/A,#N/A,#N/A,#N/A,#N/A,#N/A,#N/A
1990,4,#N/A,#N/A,#N/A,#N/A,#N/A,#N/A,#N/A,#N/A
1991,1,#N/A,#N/A,#N/A,#N/A,#N/A,#N/A,#N/A,#N/A
1991,2,#N/A,#N/A,#N/A,#N/A,#N/A,#N/A,#N/A,#N/A
1991,3,#N/A,#N/A,#N/A,#N/A,#N/A,#N/A,#N/A,#N/A
1991,4,#N/A,#N/A,#N/A,#N/A,#N/A,#N/A,#N/A,#N/A
1992,1,#N/A,#N/A,#N/A,#N/A,#N/A,#N/A,#N/A,#N/A
1992,2,#N/A,#N/A,#N/A,#N/A,#N/A,#N/A,#N/A,#N/A
1992,3,#N/A,#N/A,#N/A,#N/A,#N/A,#N/A,#N/A,#N/A
1992,4,#N/A,#N/A,#N/A,#N/A,#N/A,#N/A,#N/A,#N/A
1993,1,#N/A,#N/A,#N/A,#N/A,#N/A,#N/A,#N/A,#N/A
1993,2,#N/A,#N/A,#N/A,#N/A,#N/A,#N/A,#N/A,#N/A
1993,3,#N/A,#N/A,#N/A,#N/A,#N/A,#N/A,#N/A,#N/A
1993,4,#N/A,#N/A,#N/A,#N/A,#N/A,#N/A,#N/A,#N/A
1994,1,#N/A,#N/A,#N/A,#N/A,#N/A,#N/A,#N/A,#N/A
1994,2,#N/A,#N/A,#N/A,#N/A,#N/A,#N/A,#N/A,#N/A
1994,3,#N/A,#N/A,#N/A,#N/A,#N/A,#N/A,#N/A,#N/A
1994,4,#N/A,#N/A,#N/A,#N/A,#N/A,#N/A,#N/A,#N/A
1995,1,#N/A,#N/A,#N/A,#N/A,#N/A,#N/A,#N/A,#N/A
1995,2,#N/A,#N/A,#N/A,#N/A,#N/A,#N/A,#N/A,#N/A
1995,3,#N/A,#N/A,#N/A,#N/A,#N/A,#N/A,#N/A,#N/A
1995,4,#N/A,#N/A,#N/A,#N/A,#N/A,#N/A,#N/A,#N/A
1996,1,#N/A,#N/A,#N/A,#N/A,#N/A,#N/A,#N/A,#N/A
1996,2,#N/A,#N/A,#N/A,#N/A,#N/A,#N/A,#N/A,#N/A
1996,3,#N/A,#N/A,#N/A,#N/A,#N/A,#N/A,#N/A,#N/A
1996,4,#N/A,#N/A,#N/A,#N/A,#N/A,#N/A,#N/A,#N/A
1997,1,#N/A,#N/A,#N/A,#N/A,#N/A,#N/A,#N/A,#N/A
1997,2,#N/A,#N/A,#N/A,#N/A,#N/A,#N/A,#N/A,#N/A
1997,3,#N/A,#N/A,#N/A,#N/A,#N/A,#N/A,#N/A,#N/A
1997,4,#N/A,#N/A,#N/A,#N/A,#N/A,#N/A,#N/A,#N/A
1998,1,#N/A,#N/A,#N/A,#N/A,#N/A,#N/A,#N/A,#N/A
1998,2,#N/A,#N/A,#N/A,#N/A,#N/A,#N/A,#N/A,#N/A
1998,3,#N/A,#N/A,#N/A,#N/A,#N/A,#N/A,#N/A,#N/A
1998,4,#N/A,#N/A,#N/A,#N/A,#N/A,#N/A,#N/A,#N/A
1999,1,#N/A,#N/A,#N/A,#N/A,#N/A,#N/A,#N/A,#N/A
1999,2,#N/A,#N/A,#N/A,#N/A,#N/A,#N/A,#N/A,#N/A
1999,3,#N/A,#N/A,#N/A,#N/A,#N/A,#N/A,#N/A,#N/A
1999,4,#N/A,#N/A,#N/A,#N/A,#N/A,#N/A,#N/A,#N/A
2000,1,#N/A,#N/A,#N/A,#N/A,#N/A,#N/A,#N/A,#N/A
2000,2,#N/A,#N/A,#N/A,#N/A,#N/A,#N/A,#N/A,#N/A
2000,3,#N/A,#N/A,#N/A,#N/A,#N/A,#N/A,#N/A,#N/A
2000,4,#N/A,#N/A,#N/A,#N/A,#N/A,#N/A,#N/A,#N/A
2001,1,#N/A,#N/A,#N/A,#N/A,#N/A,#N/A,#N/A,#N/A
2001,2,#N/A,#N/A,#N/A,#N/A,#N/A,#N/A,#N/A,#N/A
2001,3,#N/A,#N/A,#N/A,#N/A,#N/A,#N/A,#N/A,#N/A
2001,4,#N/A,#N/A,#N/A,#N/A,#N/A,#N/A,#N/A,#N/A
2002,1,#N/A,#N/A,#N/A,#N/A,#N/A,#N/A,#N/A,#N/A
2002,2,#N/A,#N/A,#N/A,#N/A,#N/A,#N/A,#N/A,#N/A
2002,3,#N/A,#N/A,#N/A,#N/A,#N/A,#N/A,#N/A,#N/A
2002,4,#N/A,#N/A,#N/A,#N/A,#N/A,#N/A,#N/A,#N/A
2003,1,#N/A,#N/A,#N/A,#N/A,#N/A,#N/A,#N/A,#N/A
2003,2,#N/A,#N/A,#N/A,#N/A,#N/A,#N/A,#N/A,#N/A
2003,3,#N/A,#N/A,#N/A,#N/A,#N/A,#N/A,#N/A,#N/A
2003,4,#N/A,#N/A,#N/A,#N/A,#N/A,#N/A,#N/A,#N/A
2004,1,#N/A,#N/A,#N/A,#N/A,#N/A,#N/A,#N/A,#N/A
2004,2,#N/A,#N/A,#N/A,#N/A,#N/A,#N/A,#N/A,#N/A
2004,3,#N/A,#N/A,#N/A,#N/A,#N/A,#N/A,#N/A,#N/A
2004,4,#N/A,#N/A,#N/A,#N/A,#N/A,#N/A,#N/A,#N/A
2005,1,#N/A,#N/A,#N/A,#N/A,#N/A,#N/A,#N/A,#N/A
2005,2,#N/A,#N/A,#N/A,#N/A,#N/A,#N/A,#N/A,#N/A
2005,3,#N/A,#N/A,#N/A,#N/A,#N/A,#N/A,#N/A,#N/A
2005,4,#N/A,#N/A,#N/A,#N/A,#N/A,#N/A,#N/A,#N/A
2006,1,#N/A,#N/A,#N/A,#N/A,#N/A,#N/A,#N/A,#N/A
2006,2,#N/A,#N/A,#N/A,#N/A,#N/A,#N/A,#N/A,#N/A
2006,3,#N/A,#N/A,#N/A,#N/A,#N/A,#N/A,#N/A,#N/A
2006,4,#N/A,#N/A,#N/A,#N/A,#N/A,#N/A,#N/A,#N/A
2007,1,#N/A,#N/A,#N/A,#N/A,#N/A,#N/A,#N/A,#N/A
2007,2,#N/A,#N/A,#N/A,#N/A,#N/A,#N/A,#N/A,#N/A
2007,3,#N/A,#N/A,#N/A,#N/A,#N/A,#N/A,#N/A,#N/A
2007,4,#N/A,#N/A,#N/A,#N/A,#N/A,#N/A,#N/A,#N/A
2008,1,#N/A,#N/A,#N/A,#N/A,#N/A,#N/A,#N/A,#N/A
2008,2,#N/A,#N/A,#N/A,#N/A,#N/A,#N/A,#N/A,#N/A
2008,3,#N/A,#N/A,#N/A,#N/A,#N/A,#N/A,#N/A,#N/A
2008,4,#N/A,#N/A,#N/A,#N/A,#N/A,#N/A,#N/A,#N/A
2009,1,#N/A,#N/A,#N/A,#N/A,#N/A,#N/A,#N/A,#N/A
2009,2,#N/A,#N/A,#N/A,#N/A,#N/A,#N/A,#N/A,#N/A
2009,3,#N/A,#N/A,#N/A,#N/A,#N/A,#N/A,#N/A,#N/A
2009,4,#N/A,#N/A,#N/A,#N/A,#N/A,#N/A,#N/A,#N/A
2010,1,#N/A,6.3664,6.4779,6.5188,6.6809,6.7747,6.5148,6.85
2010,2,#N/A,6.3,6.459,6.5246,6.6762,6.8275,6.39,6.9
2010,3,#N/A,6,6.0851,6.2,6.42,6.48,6.1075,6.4188
2010,4,#N/A,5.7,5.6841,5.7,5.8,6.04,5.98,5.78
2011,1,#N/A,6.1738,6.2198,6.2693,6.315,6.3404,6.2499,6.45
2011,2,#N/A,6.1,6.2932,6.3152,6.4049,6.6,6.2,6.63
2011,3,#N/A,5.7565,5.833,5.9465,6.075,6.225,5.8663,6.1625
2011,4,#N/A,5.3,5.3617,5.42,5.4549,5.55,5.6539,5.4
2012,1,#N/A,5.24,5.285,5.3198,5.3225,5.465,5.3,5.6324
2012,2,#N/A,5.2,5.28,5.35,5.44,5.525,5.2298,5.5216
2012,3,#N/A,4.9,4.9306,5,5.1069,5.3042,5.0225,5.236
2012,4,#N/A,4.815,4.84,5,5.195,5.3,5,5.0938
2013,1,#N/A,4.8,4.8209,4.9595,5.05,5.17,4.905,5.5196
2013,2,#N/A,4.7,4.8,5,5.1,5.2558,4.8079,5.3753
2013,3,#N/A,5.3,5.3244,5.4604,5.5433,5.62,5.1,5.5852
2013,4,#N/A,5.41,5.53,5.6,5.7,5.8,5.1137,5.6487
2014,1,#N/A,5.35,5.4655,5.6,5.75,5.8274,5.5166,6
2014,2,#N/A,5.075,5.2,5.425,5.5379,5.65,5.1898,5.7582
2014,3,#N/A,4.89,5.0867,5.26,5.525,5.7005,4.9725,5.6384
2014,4,#N/A,4.8,4.9,5.05,5.2,5.3,4.863,5.11
2015,1,#N/A,4.5255,4.7,4.8251,4.956,5.0866,4.7822,5.28
2015,2,#N/A,4.653,4.8033,4.915,5.0617,5.2525,4.746,5.3
2015,3,#N/A,5.15,5.205,5.4142,5.5,5.6191,4.91,5.5604
2015,4,#N/A,5.3538,5.435,5.5463,5.655,5.695,4.9863,5.58
2016,1,#N/A,5.47,5.58,5.65,5.7,5.75,5.6,5.87
2016,2,#N/A,5,5.15,5.25,5.4153,5.48,5.16,5.5
2016,3,#N/A,4.5,4.65,4.85,5.0087,5.1802,4.8,5.1
2016,4,#N/A,4.46,4.69,4.785,4.92,5,4.6782,4.8875
2017,1,#N/A,4.805,4.96,5.1049,5.325,5.3783,5.0373,5.55
2017,2,#N/A,4.65,4.8,5,5.0733,5.2,4.8,5.25
2017,3,#N/A,4.5,4.65,4.75,4.85,5,4.5884,4.9859
2017,4,#N/A,4.4,4.6,4.7639,4.925,5.025,4.4865,4.8375
2018,1,#N/A,4.5,4.7,4.925,5,5.15,4.8,5.3
2018,2,#N/A,4.8,4.95,5.0387,5.22,5.3,4.81,5.4
2018,3,#N/A,4.93,5.05,5.2272,5.3436,5.5,4.8,5.4
2018,4,#N/A,5.1,5.25,5.3733,5.5933,5.74,4.79,5.4615
2019,1,#N/A,5.04,5.1696,5.3,5.35,5.4942,5.2258,5.625
2019,2,#N/A,4.8179,4.8265,4.9,4.9894,5.1,4.8636,5.1221
2019,3,#N/A,4.289,4.385,4.5183,4.6004,4.6583,4.5936,4.6278
2019,4,#N/A,3.9677,4.0332,4.175,4.23,4.2448,4.3899,4.2463
2020,1,#N/A,3.86,3.92,3.9781,4.0762,4.15,3.95,4.3
2020,2,#N/A,4,4,3.9383,3.93,3.95,3.9702,3.9875
2020,3,#N/A,3.465,3.5475,3.63,3.636,3.6872,3.6927,3.6594
2020,4,#N/A,3.4,3.468,3.46,3.52,3.5378,3.63,3.4817
2021,1,#N/A,3.4,3.5,3.6,3.65,3.75,3.55,3.8083
2021,2,#N/A,3.7,3.86,4.06,4.2,4.38,3.76,4.35
2021,3,#N/A,3.35,3.6341,3.73,3.8,3.9017,3.54,3.8632
2021,4,#N/A,3.5292,3.6453,3.756,3.9258,4.0838,3.448,3.8332
2022,1,#N/A,3.65,3.8423,4.0783,4.325,4.5167,3.9672,4.6775
2022,2,#N/A,4.975,5.3,5.4766,5.67,5.7769,4.9181,5.765
2022,3,#N/A,5.23,5.6229,5.7123,5.815,5.8383,4.976,5.8413
2022,4,#N/A,6.33,6.6007,6.8,6.683,6.6144,5.1783,6.6139
2023,1,#N/A,5.6889,6.0614,6.25,6.25,6.1206,6.09,5.9454
2023,2,#N/A,5.619,5.8298,5.828,5.6483,5.6191,5.7207,5.63
2023,3,#N/A,5.95,6,6,5.95,5.9093,5.8005,5.9478
2023,4,#N/A,6.4067,6.345,6.255,6.245,6.15,5.933,6.2475
2024,1,#N/A,5.8,5.85,5.7265,5.7439,5.75,5.7814,5.7
