YEAR,QUARTER,COREPCE1,COREPCE2,COREPCE3,COREPCE4,COREPCE5,COREPCE6,COREPCEA,COREPCEB,COREPCEC
1968,4,#N/A,#N/A,#N/A,#N/A,#N/A,#N/A,#N/A,#N/A,#N/A
1969,1,#N/A,#N/A,#N/A,#N/A,#N/A,#N/A,#N/A,#N/A,#N/A
1969,2,#N/A,#N/A,#N/A,#N/A,#N/A,#N/A,#N/A,#N/A,#N/A
1969,3,#N/A,#N/A,#N/A,#N/A,#N/A,#N/A,#N/A,#N/A,#N/A
1969,4,#N/A,#N/A,#N/A,#N/A,#N/A,#N/A,#N/A,#N/A,#N/A
1970,1,#N/A,#N/A,#N/A,#N/A,#N/A,#N/A,#N/A,#N/A,#N/A
1970,2,#N/A,#N/A,#N/A,#N/A,#N/A,#N/A,#N/A,#N/A,#N/A
1970,3,#N/A,#N/A,#N/A,#N/A,#N/A,#N/A,#N/A,#N/A,#N/A
1970,4,#N/A,#N/A,#N/A,#N/A,#N/A,#N/A,#N/A,#N/A,#N/A
1971,1,#N/A,#N/A,#N/A,#N/A,#N/A,#N/A,#N/A,#N/A,#N/A
1971,2,#N/A,#N/A,#N/A,#N/A,#N/A,#N/A,#N/A,#N/A,#N/A
1971,3,#N/A,#N/A,#N/A,#N/A,#N/A,#N/A,#N/A,#N/A,#N/A
1971,4,#N/A,#N/A,#N/A,#N/A,#N/A,#N/A,#N/A,#N/A,#N/A
1972,1,#N/A,#N/A,#N/A,#N/A,#N/A,#N/A,#N/A,#N/A,#N/A
1972,2,#N/A,#N/A,#N/A,#N/A,#N/A,#N/A,#N/A,#N/A,#N/A
1972,3,#N/A,#N/A,#N/A,#N/A,#N/A,#N/A,#N/A,#N/A,#N/A
1972,4,#N/A,#N/A,#N/A,#N/A,#N/A,#N/A,#N/A,#N/A,#N/A
1973,1,#N/A,#N/A,#N/A,#N/A,#N/A,#N/A,#N/A,#N/A,#N/A
1973,2,#N/A,#N/A,#N/A,#N/A,#N/A,#N/A,#N/A,#N/A,#N/A
1973,3,#N/A,#N/A,#N/A,#N/A,#N/A,#N/A,#N/A,#N/A,#N/A
1973,4,#N/A,#N/A,#N/A,#N/A,#N/A,#N/A,#N/A,#N/A,#N/A
1974,1,#N/A,#N/A,#N/A,#N/A,#N/A,#N/A,#N/A,#N/A,#N/A
1974,2,#N/A,#N/A,#N/A,#N/A,#N/A,#N/A,#N/A,#N/A,#N/A
1974,3,#N/A,#N/A,#N/A,#N/A,#N/A,#N/A,#N/A,#N/A,#N/A
1974,4,#N/A,#N/A,#N/A,#N/A,#N/A,#N/A,#N/A,#N/A,#N/A
1975,1,#N/A,#N/A,#N/A,#N/A,#N/A,#N/A,#N/A,#N/A,#N/A
1975,2,#N/A,#N/A,#N/A,#N/A,#N/A,#N/A,#N/A,#N/A,#N/A
1975,3,#N/A,#N/A,#N/A,#N/A,#N/A,#N/A,#N/A,#N/A,#N/A
1975,4,#N/A,#N/A,#N/A,#N/A,#N/A,#N/A,#N/A,#N/A,#N/A
1976,1,#N/A,#N/A,#N/A,#N/A,#N/A,#N/A,#N/A,#N/A,#N/A
1976,2,#N/A,#N/A,#N/A,#N/A,#N/A,#N/A,#N/A,#N/A,#N/A
1976,3,#N/A,#N/A,#N/A,#N/A,#N/A,#N/A,#N/A,#N/A,#N/A
1976,4,#N/A,#N/A,#N/A,#N/A,#N/A,#N/A,#N/A,#N/A,#N/A
1977,1,#N/A,#N/A,#N/A,#N/A,#N/A,#N/A,#N/A,#N/A,#N/A
1977,2,#N/A,#N/A,#N/A,#N/A,#N/A,#N/A,#N/A,#N/A,#N/A
1977,3,#N/A,#N/A,#N/A,#N/A,#N/A,#N/A,#N/A,#N/A,#N/A
1977,4,#N/A,#N/A,#N/A,#N/A,#N/A,#N/A,#N/A,#N/A,#N/A
1978,1,#N/A,#N/A,#N/A,#N/A,#N/A,#N/A,#N/A,#N/A,#N/A
1978,2,#N/A,#N/A,#N/A,#N/A,#N/A,#N/A,#N/A,#N/A,#N/A
1978,3,#N/A,#N/A,#N/A,#N/A,#N/A,#N/A,#N/A,#N/A,#N/A
1978,4,#N/A,#N/A,#N/A,#N/A,#N/A,#N/A,#N/A,#N/A,#N/A
1979,1,#N/A,#N/A,#N/A,#N/A,#N/A,#N/A,#N/A,#N/A,#N/A
1979,2,#N/A,#N/A,#N/A,#N/A,#N/A,#N/A,#N/A,#N/A,#N/A
1979,3,#N/A,#N/A,#N/A,#N/A,#N/A,#N/A,#N/A,#N/A,#N/A
1979,4,#N/A,#N/A,#N/A,#N/A,#N/A,#N/A,#N/A,#N/A,#N/A
1980,1,#N/A,#N/A,#N/A,#N/A,#N/A,#N/A,#N/A,#N/A,#N/A
1980,2,#N/A,#N/A,#N/A,#N/A,#N/A,#N/A,#N/A,#N/A,#N/A
1980,3,#N/A,#N/A,#N/A,#N/A,#N/A,#N/A,#N/A,#N/A,#N/A
1980,4,#N/A,#N/A,#N/A,#N/A,#N/A,#N/A,#N/A,#N/A,#N/A
1981,1,#N/A,#N/A,#N/A,#N/A,#N/A,#N/A,#N/A,#N/A,#N/A
1981,2,#N/A,#N/A,#N/A,#N/A,#N/A,#N/A,#N/A,#N/A,#N/A
1981,3,#N/A,#N/A,#N/A,#N/A,#N/A,#N/A,#N/A,#N/A,#N/A
1981,4,#N/A,#N/A,#N/A,#N/A,#N/A,#N/A,#N/A,#N/A,#N/A
1982,1,#N/A,#N/A,#N/A,#N/A,#N/A,#N/A,#N/A,#N/A,#N/A
1982,2,#N/A,#N/A,#N/A,#N/A,#N/A,#N/A,#N/A,#N/A,#N/A
1982,3,#N/A,#N/A,#N/A,#N/A,#N/A,#N/A,#N/A,#N/A,#N/A
1982,4,#N/A,#N/A,#N/A,#N/A,#N/A,#N/A,#N/A,#N/A,#N/A
1983,1,#N/A,#N/A,#N/A,#N/A,#N/A,#N/A,#N/A,#N/A,#N/A
1983,2,#N/A,#N/A,#N/A,#N/A,#N/A,#N/A,#N/A,#N/A,#N/A
1983,3,#N/A,#N/A,#N/A,#N/A,#N/A,#N/A,#N/A,#N/A,#N/A
1983,4,#N/A,#N/A,#N/A,#N/A,#N/A,#N/A,#N/A,#N/A,#N/A
1984,1,#N/A,#N/A,#N/A,#N/A,#N/A,#N/A,#N/A,#N/A,#N/A
1984,2,#N/A,#N/A,#N/A,#N/A,#N/A,#N/A,#N/A,#N/A,#N/A
1984,3,#N/A,#N/A,#N/A,#N/A,#N/A,#N/A,#N/A,#N/A,#N/A
1984,4,#N/A,#N/A,#N/A,#N/A,#N/A,#N/A,#N/A,#N/A,#N/A
1985,1,#N/A,#N/A,#N/A,#N/A,#N/A,#N/A,#N/A,#N/A,#N/A
1985,2,#N/A,#N/A,#N/A,#N/A,#N/A,#N/A,#N/A,#N/A,#N/A
1985,3,#N/A,#N/A,#N/A,#N/A,#N/A,#N/A,#N/A,#N/A,#N/A
1985,4,#N/A,#N/A,#N/A,#N/A,#N/A,#N/A,#N/A,#N/A,#N/A
1986,1,#N/A,#N/A,#N/A,#N/A,#N/A,#N/A,#N/A,#N/A,#N/A
1986,2,#N/A,#N/A,#N/A,#N/A,#N/A,#N/A,#N/A,#N/A,#N/A
1986,3,#N/A,#N/A,#N/A,#N/A,#N/A,#N/A,#N/A,#N/A,#N/A
1986,4,#N/A,#N/A,#N/A,#N/A,#N/A,#N/A,#N/A,#N/A,#N/A
1987,1,#N/A,#N/A,#N/A,#N/A,#N/A,#N/A,#N/A,#N/A,#N/A
1987,2,#N/A,#N/A,#N/A,#N/A,#N/A,#N/A,#N/A,#N/A,#N/A
1987,3,#N/A,#N/A,#N/A,#N/A,#N/A,#N/A,#N/A,#N/A,#N/A
1987,4,#N/A,#N/A,#N/A,#N/A,#N/A,#N/A,#N/A,#N/A,#N/A
1988,1,#N/A,#N/A,#N/A,#N/A,#N/A,#N/A,#N/A,#N/A,#N/A
1988,2,#N/A,#N/A,#N/A,#N/A,#N/A,#N/A,#N/A,#N/A,#N/A
1988,3,#N/A,#N/A,#N/A,#N/A,#N/A,#N/A,#N/A,#N/A,#N/A
1988,4,#N/A,#N/A,#N/A,#N/A,#N/A,#N/A,#N/A,#N/A,#N/A
1989,1,#N/A,#N/A,#N/A,#N/A,#N/A,#N/A,#N/A,#N/A,#N/A
1989,2,#N/A,#N/A,#N/A,#N/A,#N/A,#N/A,#N/A,#N/A,#N/A
1989,3,#N/A,#N/A,#N/A,#N/A,#N/A,#N/A,#N/A,#N/A,#N/A
1989,4,#N/A,#N/A,#N/A,#N/A,#N/A,#N/A,#N/A,#N/A,#N/A
1990,1,#N/A,#N/A,#N/A,#N/A,#N/A,#N/A,#N/A,#N/A,#N/A
1990,2,#N/A,#N/A,#N/A,#N/A,#N/A,#N/A,#N/A,#N/A,#N/A
1990,3,#N/A,#N/A,#N/A,#N/A,#N/A,#N/A,#N/A,#N/A,#N/A
1990,4,#N/A,#N/A,#N/A,#N/A,#N/A,#N/A,#N/A,#N/A,#N/A
1991,1,#N/A,#N/A,#N/A,#N/A,#N/A,#N/A,#N/A,#N/A,#N/A
1991,2,#N/A,#N/A,#N/A,#N/A,#N/A,#N/A,#N/A,#N/A,#N/A
1991,3,#N/A,#N/A,#N/A,#N/A,#N/A,#N/A,#N/A,#N/A,#N/A
1991,4,#N/A,#N/A,#N/A,#N/A,#N/A,#N/A,#N/A,#N/A,#N/A
1992,1,#N/A,#N/A,#N/A,#N/A,#N/A,#N/A,#N/A,#N/A,#N/A
1992,2,#N/A,#N/A,#N/A,#N/A,#N/A,#N/A,#N/A,#N/A,#N/A
1992,3,#N/A,#N/A,#N/A,#N/A,#N/A,#N/A,#N/A,#N/A,#N/A
1992,4,#N/A,#N/A,#N/A,#N/A,#N/A,#N/A,#N/A,#N/A,#N/A
1993,1,#N/A,#N/A,#N/A,#N/A,#N/A,#N/A,#N/A,#N/A,#N/A
1993,2,#N/A,#N/A,#N/A,#N/A,#N/A,#N/A,#N/A,#N/A,#N/A
1993,3,#N/A,#N/A,#N/A,#N/A,#N/A,#N/A,#N/A,#N/A,#N/A
1993,4,#N/A,#N/A,#N/A,#N/A,#N/A,#N/A,#N/A,#N/A,#N/A
1994,1,#N/A,#N/A,#N/A,#N/A,#N/A,#N/A,#N/A,#N/A,#N/A
1994,2,#N/A,#N/A,#N/A,#N/A,#N/A,#N/A,#N/A,#N/A,#N/A
1994,3,#N/A,#N/A,#N/A,#N/A,#N/A,#N/A,#N/A,#N/A,#N/A
1994,4,#N/A,#N/A,#N/A,#N/A,#N/A,#N/A,#N/A,#N/A,#N/A
1995,1,#N/A,#N/A,#N/A,#N/A,#N/A,#N/A,#N/A,#N/A,#N/A
1995,2,#N/A,#N/A,#N/A,#N/A,#N/A,#N/A,#N/A,#N/A,#N/A
1995,3,#N/A,#N/A,#N/A,#N/A,#N/A,#N/A,#N/A,#N/A,#N/A
1995,4,#N/A,#N/A,#N/A,#N/A,#N/A,#N/A,#N/A,#N/A,#N/A
1996,1,#N/A,#N/A,#N/A,#N/A,#N/A,#N/A,#N/A,#N/A,#N/A
1996,2,#N/A,#N/A,#N/A,#N/A,#N/A,#N/A,#N/A,#N/A,#N/A
1996,3,#N/A,#N/A,#N/A,#N/A,#N/A,#N/A,#N/A,#N/A,#N/A
1996,4,#N/A,#N/A,#N/A,#N/A,#N/A,#N/A,#N/A,#N/A,#N/A
1997,1,#N/A,#N/A,#N/A,#N/A,#N/A,#N/A,#N/A,#N/A,#N/A
1997,2,#N/A,#N/A,#N/A,#N/A,#N/A,#N/A,#N/A,#N/A,#N/A
1997,3,#N/A,#N/A,#N/A,#N/A,#N/A,#N/A,#N/A,#N/A,#N/A
1997,4,#N/A,#N/A,#N/A,#N/A,#N/A,#N/A,#N/A,#N/A,#N/A
1998,1,#N/A,#N/A,#N/A,#N/A,#N/A,#N/A,#N/A,#N/A,#N/A
1998,2,#N/A,#N/A,#N/A,#N/A,#N/A,#N/A,#N/A,#N/A,#N/A
1998,3,#N/A,#N/A,#N/A,#N/A,#N/A,#N/A,#N/A,#N/A,#N/A
1998,4,#N/A,#N/A,#N/A,#N/A,#N/A,#N/A,#N/A,#N/A,#N/A
1999,1,#N/A,#N/A,#N/A,#N/A,#N/A,#N/A,#N/A,#N/A,#N/A
1999,2,#N/A,#N/A,#N/A,#N/A,#N/A,#N/A,#N/A,#N/A,#N/A
1999,3,#N/A,#N/A,#N/A,#N/A,#N/A,#N/A,#N/A,#N/A,#N/A
1999,4,#N/A,#N/A,#N/A,#N/A,#N/A,#N/A,#N/A,#N/A,#N/A
2000,1,#N/A,#N/A,#N/A,#N/A,#N/A,#N/A,#N/A,#N/A,#N/A
2000,2,#N/A,#N/A,#N/A,#N/A,#N/A,#N/A,#N/A,#N/A,#N/A
2000,3,#N/A,#N/A,#N/A,#N/A,#N/A,#N/A,#N/A,#N/A,#N/A
2000,4,#N/A,#N/A,#N/A,#N/A,#N/A,#N/A,#N/A,#N/A,#N/A
2001,1,#N/A,#N/A,#N/A,#N/A,#N/A,#N/A,#N/A,#N/A,#N/A
2001,2,#N/A,#N/A,#N/A,#N/A,#N/A,#N/A,#N/A,#N/A,#N/A
2001,3,#N/A,#N/A,#N/A,#N/A,#N/A,#N/A,#N/A,#N/A,#N/A
2001,4,#N/A,#N/A,#N/A,#N/A,#N/A,#N/A,#N/A,#N/A,#N/A
2002,1,#N/A,#N/A,#N/A,#N/A,#N/A,#N/A,#N/A,#N/A,#N/A
2002,2,#N/A,#N/A,#N/A,#N/A,#N/A,#N/A,#N/A,#N/A,#N/A
2002,3,#N/A,#N/A,#N/A,#N/A,#N/A,#N/A,#N/A,#N/A,#N/A
2002,4,#N/A,#N/A,#N/A,#N/A,#N/A,#N/A,#N/A,#N/A,#N/A
2003,1,#N/A,#N/A,#N/A,#N/A,#N/A,#N/A,#N/A,#N/A,#N/A
2003,2,#N/A,#N/A,#N/A,#N/A,#N/A,#N/A,#N/A,#N/A,#N/A
2003,3,#N/A,#N/A,#N/A,#N/A,#N/A,#N/A,#N/A,#N/A,#N/A
2003,4,#N/A,#N/A,#N/A,#N/A,#N/A,#N/A,#N/A,#N/A,#N/A
2004,1,#N/A,#N/A,#N/A,#N/A,#N/A,#N/A,#N/A,#N/A,#N/A
2004,2,#N/A,#N/A,#N/A,#N/A,#N/A,#N/A,#N/A,#N/A,#N/A
2004,3,#N/A,#N/A,#N/A,#N/A,#N/A,#N/A,#N/A,#N/A,#N/A
2004,4,#N/A,#N/A,#N/A,#N/A,#N/A,#N/A,#N/A,#N/A,#N/A
2005,1,#N/A,#N/A,#N/A,#N/A,#N/A,#N/A,#N/A,#N/A,#N/A
2005,2,#N/A,#N/A,#N/A,#N/A,#N/A,#N/A,#N/A,#N/A,#N/A
2005,3,#N/A,#N/A,#N/A,#N/A,#N/A,#N/A,#N/A,#N/A,#N/A
2005,4,#N/A,#N/A,#N/A,#N/A,#N/A,#N/A,#N/A,#N/A,#N/A
2006,1,#N/A,#N/A,#N/A,#N/A,#N/A,#N/A,#N/A,#N/A,#N/A
2006,2,#N/A,#N/A,#N/A,#N/A,#N/A,#N/A,#N/A,#N/A,#N/A
2006,3,#N/A,#N/A,#N/A,#N/A,#N/A,#N/A,#N/A,#N/A,#N/A
2006,4,#N/A,#N/A,#N/A,#N/A,#N/A,#N/A,#N/A,#N/A,#N/A
2007,1,2.1,2,2.0154,1.9643,2,2.04,1.9958,2.05,2.1
2007,2,2.2,2,2.1,2.07,2.1,2.0445,2.1,2.0974,2.1
2007,3,1.4,1.9002,1.9,2,2,2.025,1.9,2,2
2007,4,1.8,1.9,1.9,1.9,1.9,1.9,1.9,1.9,1.9
2008,1,2.7,2.1554,2.0951,2,2,2.0151,2,2,2
2008,2,2.2,2.1,2.0746,2.1,2.1,2.0812,2.1,2.09,2
2008,3,2.1,2.2,2.1141,2.1,2,2,2.2,2,2
2008,4,2.9,2,1.6273,1.7789,1.7,1.8,2.3,1.7,1.8
2009,1,0.6,0.746,1.1256,1.3,1.2,1.4,1.1,1.5,1.7301
2009,2,1.5,1.5,1.15,1.1446,1.11,1.4,1.3053,1.439,1.65
2009,3,2,1.5,1,1.2106,1.3019,1.3019,1.4,1.2538,1.6734
2009,4,1.4,1.1905,1.0482,1.208,1.4,1.3901,1.4,1.3,1.5451
2010,1,1.4,1.2,1.2742,1.3,1.3923,1.5162,1.3,1.4802,1.85
2010,2,0.6,1.1,1.2,1.3,1.4,1.5,1.2,1.5554,1.8
2010,3,1.1,1.1,1.052,1.35,1.4427,1.5,1.1374,1.55,1.666
2010,4,0.8,0.9943,1.1,1.1,1.2148,1.322,1.0411,1.2,1.6
2011,1,0.4,1,1.3,1.3,1.376,1.4998,1.3,1.5527,1.7
2011,2,1.5,1.5,1.4446,1.501,1.5743,1.6321,1.4883,1.6,1.8
2011,3,2.1,1.7,1.4843,1.5308,1.7463,1.7078,1.7,1.6,1.7
2011,4,2.1,1.3912,1.607,1.6,1.7,1.616,1.8249,1.6,1.7813
2012,1,1.1,1.6069,1.7,1.7,1.7,1.7348,1.6,1.8,2
2012,2,2.1,1.8,1.7,1.7,1.9,1.9,1.8105,1.9,2
2012,3,1.8,1.8633,1.8,1.8585,2,2,1.9,1.9821,2
2012,4,1.3,1.6057,1.8,1.9,1.9,1.8542,1.7074,1.9,2
2013,1,0.9,1.4,1.7,1.8,1.711,1.8251,1.636,1.9,1.9
2013,2,1.2,1.4,1.6,1.77,1.8873,1.9,1.5,1.9,1.9063
2013,3,0.8,1.4361,1.5,1.7,1.7,1.75,1.3,1.8,1.9
2013,4,1.4,1.5,1.7,1.7693,1.7,1.8,1.2,1.7,1.9
2014,1,1.1,1.5,1.53,1.6,1.7,1.7657,1.6,1.7802,1.9
2014,2,1.3,1.5442,1.7103,1.7,1.8,1.8,1.5195,1.7584,1.9
2014,3,2,1.8,1.9,1.9,1.9672,1.9352,1.7,1.8505,1.9011
2014,4,1.4,1.5905,1.7,1.7306,1.8,1.8,1.5091,1.7582,1.8
2015,1,1.1,1.1961,1.405,1.545,1.7,1.6191,1.41,1.7,1.9
2015,2,0.9,1.5,1.5,1.6,1.7,1.7473,1.4,1.7312,1.9
2015,3,1.8,1.5528,1.6071,1.7,1.8,1.8,1.5,1.7779,1.9
2015,4,1.3,1.5,1.5,1.6,1.7,1.7119,1.4,1.6,1.8015
2016,1,1.2,1.4,1.5366,1.65,1.7,1.7127,1.6,1.8,1.85
2016,2,2.1,1.5451,1.7,1.7559,1.8236,1.9,1.8,1.8764,2
2016,3,1.7,1.6,1.6347,1.8,1.8474,1.85,1.8,1.9,1.9751
2016,4,1.7,1.7,1.8071,1.8,1.8608,1.9,1.8164,1.8629,1.9312
2017,1,1.3,1.78,1.9234,1.9,1.9,2,1.8983,2,2
2017,2,2,1.7073,1.9,1.9,1.9,2,1.85,2,2
2017,3,0.9,1.6,1.7552,1.8487,1.8381,1.9,1.5453,1.8243,1.95
2017,4,1.3,1.5816,1.705,1.8,1.8075,1.9,1.4,1.8,1.9636
2018,1,1.9,1.8,1.9,1.9,1.9372,2,1.8799,2,1.9537
2018,2,2.5,2,2.05,2.1,2.1,2.02,2.157,2.096,2.1
2018,3,2,1.9805,2.0153,2.1,2.1,2.1161,2.0249,2.1295,2.147
2018,4,1.6,1.9885,2.1,2.1,2.1,2.1,1.9587,2.1026,2.1
2019,1,1.7,2,1.9833,2.012,2.0153,2.1,2,2.1,2.0201
2019,2,1.3,1.6554,1.9,1.9202,2,2,1.7123,1.99,1.9
2019,3,1.8,2,1.9379,2,1.9341,1.9,1.7,1.9677,1.9185
2019,4,2.2,1.9,2.0126,2,1.9778,1.9913,1.774,2,1.9246
2020,1,1.3,1.9,1.9,1.8701,1.8897,1.9328,1.8955,1.8825,1.9
2020,2,1.8,0.99,1.2974,1.4,1.599,1.6799,1.3,1.6,1.8408
2020,3,-1.1,1.455,1.3,1.45,1.5,1.6709,0.805,1.5052,1.6753
2020,4,3.5,1.8,1.7,1.7486,1.8,1.7,1.5197,1.775,1.7377
2021,1,1.4,1.85,1.7604,1.878,1.9,1.9,1.825,1.9,1.9897
2021,2,2.3,2.5,2.1848,2.0058,2,2,2.297,2.015,2.0659
2021,3,6.1,3.65,2.2278,2.1168,2.1408,2.1815,3.7145,2.1517,2.0804
2021,4,4.5,3,2.5,2.4,2.3137,2.1007,4.0619,2.3199,2.1485
2022,1,4.9,4.2914,3.0808,2.457,2.2958,2.3,3.0586,2.2,2.1976
2022,2,5.2,4.3,3.75,3.2,2.8,2.6648,4.0737,2.523,2.2219
2022,3,4.4,4.6,3.5,3.1,2.7935,2.6,4.4674,2.8,2.2
2022,4,4.5,4.5,3.8456,3.1698,2.85,2.6628,4.8228,3.0323,2.4
2023,1,3.9,3.55,3.0758,2.699,2.5274,2.4961,2.9995,2.2777,2.1
2023,2,4.9,3.8451,3.321,2.9,2.5,2.4369,3.6572,2.3,2
2023,3,3.8,3.2837,2.8036,2.6,2.5,2.3074,3.7,2.4288,2.056
2023,4,2.4,2.72,2.65,2.4,2.2993,2.2317,3.4625,2.371,2.1
2024,1,2,2.1413,2.1248,2.1191,2.0754,2.0509,2.117,2.0159,2
