YEAR,QUARTER,EMP1,EMP2,EMP3,EMP4,EMP5,EMP6,EMPA,EMPB
1968,4,#N/A,#N/A,#N/A,#N/A,#N/A,#N/A,#N/A,#N/A
1969,1,#N/A,#N/A,#N/A,#N/A,#N/A,#N/A,#N/A,#N/A
1969,2,#N/A,#N/A,#N/A,#N/A,#N/A,#N/A,#N/A,#N/A
1969,3,#N/A,#N/A,#N/A,#N/A,#N/A,#N/A,#N/A,#N/A
1969,4,#N/A,#N/A,#N/A,#N/A,#N/A,#N/A,#N/A,#N/A
1970,1,#N/A,#N/A,#N/A,#N/A,#N/A,#N/A,#N/A,#N/A
1970,2,#N/A,#N/A,#N/A,#N/A,#N/A,#N/A,#N/A,#N/A
1970,3,#N/A,#N/A,#N/A,#N/A,#N/A,#N/A,#N/A,#N/A
1970,4,#N/A,#N/A,#N/A,#N/A,#N/A,#N/A,#N/A,#N/A
1971,1,#N/A,#N/A,#N/A,#N/A,#N/A,#N/A,#N/A,#N/A
1971,2,#N/A,#N/A,#N/A,#N/A,#N/A,#N/A,#N/A,#N/A
1971,3,#N/A,#N/A,#N/A,#N/A,#N/A,#N/A,#N/A,#N/A
1971,4,#N/A,#N/A,#N/A,#N/A,#N/A,#N/A,#N/A,#N/A
1972,1,#N/A,#N/A,#N/A,#N/A,#N/A,#N/A,#N/A,#N/A
1972,2,#N/A,#N/A,#N/A,#N/A,#N/A,#N/A,#N/A,#N/A
1972,3,#N/A,#N/A,#N/A,#N/A,#N/A,#N/A,#N/A,#N/A
1972,4,#N/A,#N/A,#N/A,#N/A,#N/A,#N/A,#N/A,#N/A
1973,1,#N/A,#N/A,#N/A,#N/A,#N/A,#N/A,#N/A,#N/A
1973,2,#N/A,#N/A,#N/A,#N/A,#N/A,#N/A,#N/A,#N/A
1973,3,#N/A,#N/A,#N/A,#N/A,#N/A,#N/A,#N/A,#N/A
1973,4,#N/A,#N/A,#N/A,#N/A,#N/A,#N/A,#N/A,#N/A
1974,1,#N/A,#N/A,#N/A,#N/A,#N/A,#N/A,#N/A,#N/A
1974,2,#N/A,#N/A,#N/A,#N/A,#N/A,#N/A,#N/A,#N/A
1974,3,#N/A,#N/A,#N/A,#N/A,#N/A,#N/A,#N/A,#N/A
1974,4,#N/A,#N/A,#N/A,#N/A,#N/A,#N/A,#N/A,#N/A
1975,1,#N/A,#N/A,#N/A,#N/A,#N/A,#N/A,#N/A,#N/A
1975,2,#N/A,#N/A,#N/A,#N/A,#N/A,#N/A,#N/A,#N/A
1975,3,#N/A,#N/A,#N/A,#N/A,#N/A,#N/A,#N/A,#N/A
1975,4,#N/A,#N/A,#N/A,#N/A,#N/A,#N/A,#N/A,#N/A
1976,1,#N/A,#N/A,#N/A,#N/A,#N/A,#N/A,#N/A,#N/A
1976,2,#N/A,#N/A,#N/A,#N/A,#N/A,#N/A,#N/A,#N/A
1976,3,#N/A,#N/A,#N/A,#N/A,#N/A,#N/A,#N/A,#N/A
1976,4,#N/A,#N/A,#N/A,#N/A,#N/A,#N/A,#N/A,#N/A
1977,1,#N/A,#N/A,#N/A,#N/A,#N/A,#N/A,#N/A,#N/A
1977,2,#N/A,#N/A,#N/A,#N/A,#N/A,#N/A,#N/A,#N/A
1977,3,#N/A,#N/A,#N/A,#N/A,#N/A,#N/A,#N/A,#N/A
1977,4,#N/A,#N/A,#N/A,#N/A,#N/A,#N/A,#N/A,#N/A
1978,1,#N/A,#N/A,#N/A,#N/A,#N/A,#N/A,#N/A,#N/A
1978,2,#N/A,#N/A,#N/A,#N/A,#N/A,#N/A,#N/A,#N/A
1978,3,#N/A,#N/A,#N/A,#N/A,#N/A,#N/A,#N/A,#N/A
1978,4,#N/A,#N/A,#N/A,#N/A,#N/A,#N/A,#N/A,#N/A
1979,1,#N/A,#N/A,#N/A,#N/A,#N/A,#N/A,#N/A,#N/A
1979,2,#N/A,#N/A,#N/A,#N/A,#N/A,#N/A,#N/A,#N/A
1979,3,#N/A,#N/A,#N/A,#N/A,#N/A,#N/A,#N/A,#N/A
1979,4,#N/A,#N/A,#N/A,#N/A,#N/A,#N/A,#N/A,#N/A
1980,1,#N/A,#N/A,#N/A,#N/A,#N/A,#N/A,#N/A,#N/A
1980,2,#N/A,#N/A,#N/A,#N/A,#N/A,#N/A,#N/A,#N/A
1980,3,#N/A,#N/A,#N/A,#N/A,#N/A,#N/A,#N/A,#N/A
1980,4,#N/A,#N/A,#N/A,#N/A,#N/A,#N/A,#N/A,#N/A
1981,1,#N/A,#N/A,#N/A,#N/A,#N/A,#N/A,#N/A,#N/A
1981,2,#N/A,#N/A,#N/A,#N/A,#N/A,#N/A,#N/A,#N/A
1981,3,#N/A,#N/A,#N/A,#N/A,#N/A,#N/A,#N/A,#N/A
1981,4,#N/A,#N/A,#N/A,#N/A,#N/A,#N/A,#N/A,#N/A
1982,1,#N/A,#N/A,#N/A,#N/A,#N/A,#N/A,#N/A,#N/A
1982,2,#N/A,#N/A,#N/A,#N/A,#N/A,#N/A,#N/A,#N/A
1982,3,#N/A,#N/A,#N/A,#N/A,#N/A,#N/A,#N/A,#N/A
1982,4,#N/A,#N/A,#N/A,#N/A,#N/A,#N/A,#N/A,#N/A
1983,1,#N/A,#N/A,#N/A,#N/A,#N/A,#N/A,#N/A,#N/A
1983,2,#N/A,#N/A,#N/A,#N/A,#N/A,#N/A,#N/A,#N/A
1983,3,#N/A,#N/A,#N/A,#N/A,#N/A,#N/A,#N/A,#N/A
1983,4,#N/A,#N/A,#N/A,#N/A,#N/A,#N/A,#N/A,#N/A
1984,1,#N/A,#N/A,#N/A,#N/A,#N/A,#N/A,#N/A,#N/A
1984,2,#N/A,#N/A,#N/A,#N/A,#N/A,#N/A,#N/A,#N/A
1984,3,#N/A,#N/A,#N/A,#N/A,#N/A,#N/A,#N/A,#N/A
1984,4,#N/A,#N/A,#N/A,#N/A,#N/A,#N/A,#N/A,#N/A
1985,1,#N/A,#N/A,#N/A,#N/A,#N/A,#N/A,#N/A,#N/A
1985,2,#N/A,#N/A,#N/A,#N/A,#N/A,#N/A,#N/A,#N/A
1985,3,#N/A,#N/A,#N/A,#N/A,#N/A,#N/A,#N/A,#N/A
1985,4,#N/A,#N/A,#N/A,#N/A,#N/A,#N/A,#N/A,#N/A
1986,1,#N/A,#N/A,#N/A,#N/A,#N/A,#N/A,#N/A,#N/A
1986,2,#N/A,#N/A,#N/A,#N/A,#N/A,#N/A,#N/A,#N/A
1986,3,#N/A,#N/A,#N/A,#N/A,#N/A,#N/A,#N/A,#N/A
1986,4,#N/A,#N/A,#N/A,#N/A,#N/A,#N/A,#N/A,#N/A
1987,1,#N/A,#N/A,#N/A,#N/A,#N/A,#N/A,#N/A,#N/A
1987,2,#N/A,#N/A,#N/A,#N/A,#N/A,#N/A,#N/A,#N/A
1987,3,#N/A,#N/A,#N/A,#N/A,#N/A,#N/A,#N/A,#N/A
1987,4,#N/A,#N/A,#N/A,#N/A,#N/A,#N/A,#N/A,#N/A
1988,1,#N/A,#N/A,#N/A,#N/A,#N/A,#N/A,#N/A,#N/A
1988,2,#N/A,#N/A,#N/A,#N/A,#N/A,#N/A,#N/A,#N/A
1988,3,#N/A,#N/A,#N/A,#N/A,#N/A,#N/A,#N/A,#N/A
1988,4,#N/A,#N/A,#N/A,#N/A,#N/A,#N/A,#N/A,#N/A
1989,1,#N/A,#N/A,#N/A,#N/A,#N/A,#N/A,#N/A,#N/A
1989,2,#N/A,#N/A,#N/A,#N/A,#N/A,#N/A,#N/A,#N/A
1989,3,#N/A,#N/A,#N/A,#N/A,#N/A,#N/A,#N/A,#N/A
1989,4,#N/A,#N/A,#N/A,#N/A,#N/A,#N/A,#N/A,#N/A
1990,1,#N/A,#N/A,#N/A,#N/A,#N/A,#N/A,#N/A,#N/A
1990,2,#N/A,#N/A,#N/A,#N/A,#N/A,#N/A,#N/A,#N/A
1990,3,#N/A,#N/A,#N/A,#N/A,#N/A,#N/A,#N/A,#N/A
1990,4,#N/A,#N/A,#N/A,#N/A,#N/A,#N/A,#N/A,#N/A
1991,1,#N/A,#N/A,#N/A,#N/A,#N/A,#N/A,#N/A,#N/A
1991,2,#N/A,#N/A,#N/A,#N/A,#N/A,#N/A,#N/A,#N/A
1991,3,#N/A,#N/A,#N/A,#N/A,#N/A,#N/A,#N/A,#N/A
1991,4,#N/A,#N/A,#N/A,#N/A,#N/A,#N/A,#N/A,#N/A
1992,1,#N/A,#N/A,#N/A,#N/A,#N/A,#N/A,#N/A,#N/A
1992,2,#N/A,#N/A,#N/A,#N/A,#N/A,#N/A,#N/A,#N/A
1992,3,#N/A,#N/A,#N/A,#N/A,#N/A,#N/A,#N/A,#N/A
1992,4,#N/A,#N/A,#N/A,#N/A,#N/A,#N/A,#N/A,#N/A
1993,1,#N/A,#N/A,#N/A,#N/A,#N/A,#N/A,#N/A,#N/A
1993,2,#N/A,#N/A,#N/A,#N/A,#N/A,#N/A,#N/A,#N/A
1993,3,#N/A,#N/A,#N/A,#N/A,#N/A,#N/A,#N/A,#N/A
1993,4,#N/A,#N/A,#N/A,#N/A,#N/A,#N/A,#N/A,#N/A
1994,1,#N/A,#N/A,#N/A,#N/A,#N/A,#N/A,#N/A,#N/A
1994,2,#N/A,#N/A,#N/A,#N/A,#N/A,#N/A,#N/A,#N/A
1994,3,#N/A,#N/A,#N/A,#N/A,#N/A,#N/A,#N/A,#N/A
1994,4,#N/A,#N/A,#N/A,#N/A,#N/A,#N/A,#N/A,#N/A
1995,1,#N/A,#N/A,#N/A,#N/A,#N/A,#N/A,#N/A,#N/A
1995,2,#N/A,#N/A,#N/A,#N/A,#N/A,#N/A,#N/A,#N/A
1995,3,#N/A,#N/A,#N/A,#N/A,#N/A,#N/A,#N/A,#N/A
1995,4,#N/A,#N/A,#N/A,#N/A,#N/A,#N/A,#N/A,#N/A
1996,1,#N/A,#N/A,#N/A,#N/A,#N/A,#N/A,#N/A,#N/A
1996,2,#N/A,#N/A,#N/A,#N/A,#N/A,#N/A,#N/A,#N/A
1996,3,#N/A,#N/A,#N/A,#N/A,#N/A,#N/A,#N/A,#N/A
1996,4,#N/A,#N/A,#N/A,#N/A,#N/A,#N/A,#N/A,#N/A
1997,1,#N/A,#N/A,#N/A,#N/A,#N/A,#N/A,#N/A,#N/A
1997,2,#N/A,#N/A,#N/A,#N/A,#N/A,#N/A,#N/A,#N/A
1997,3,#N/A,#N/A,#N/A,#N/A,#N/A,#N/A,#N/A,#N/A
1997,4,#N/A,#N/A,#N/A,#N/A,#N/A,#N/A,#N/A,#N/A
1998,1,#N/A,#N/A,#N/A,#N/A,#N/A,#N/A,#N/A,#N/A
1998,2,#N/A,#N/A,#N/A,#N/A,#N/A,#N/A,#N/A,#N/A
1998,3,#N/A,#N/A,#N/A,#N/A,#N/A,#N/A,#N/A,#N/A
1998,4,#N/A,#N/A,#N/A,#N/A,#N/A,#N/A,#N/A,#N/A
1999,1,#N/A,#N/A,#N/A,#N/A,#N/A,#N/A,#N/A,#N/A
1999,2,#N/A,#N/A,#N/A,#N/A,#N/A,#N/A,#N/A,#N/A
1999,3,#N/A,#N/A,#N/A,#N/A,#N/A,#N/A,#N/A,#N/A
1999,4,#N/A,#N/A,#N/A,#N/A,#N/A,#N/A,#N/A,#N/A
2000,1,#N/A,#N/A,#N/A,#N/A,#N/A,#N/A,#N/A,#N/A
2000,2,#N/A,#N/A,#N/A,#N/A,#N/A,#N/A,#N/A,#N/A
2000,3,#N/A,#N/A,#N/A,#N/A,#N/A,#N/A,#N/A,#N/A
2000,4,#N/A,#N/A,#N/A,#N/A,#N/A,#N/A,#N/A,#N/A
2001,1,#N/A,#N/A,#N/A,#N/A,#N/A,#N/A,#N/A,#N/A
2001,2,#N/A,#N/A,#N/A,#N/A,#N/A,#N/A,#N/A,#N/A
2001,3,#N/A,#N/A,#N/A,#N/A,#N/A,#N/A,#N/A,#N/A
2001,4,#N/A,#N/A,#N/A,#N/A,#N/A,#N/A,#N/A,#N/A
2002,1,#N/A,#N/A,#N/A,#N/A,#N/A,#N/A,#N/A,#N/A
2002,2,#N/A,#N/A,#N/A,#N/A,#N/A,#N/A,#N/A,#N/A
2002,3,#N/A,#N/A,#N/A,#N/A,#N/A,#N/A,#N/A,#N/A
2002,4,#N/A,#N/A,#N/A,#N/A,#N/A,#N/A,#N/A,#N/A
2003,1,#N/A,#N/A,#N/A,#N/A,#N/A,#N/A,#N/A,#N/A
2003,2,#N/A,#N/A,#N/A,#N/A,#N/A,#N/A,#N/A,#N/A
2003,3,#N/A,#N/A,#N/A,#N/A,#N/A,#N/A,#N/A,#N/A
2003,4,129838,130209,130593,131066.5,131664,132145,130081,131329.5
2004,1,130005,130283,130711,131264,131834,132332,131030,133282
2004,2,130327,131047,131520,132153,132731,133243,131269.5,133502
2004,3,131148,131461,132112,132714,133349,133915,131279,133621
2004,4,131460,131997.5,132577.5,133193,133727,134209,131261,133434
2005,1,132116,132572,133165,133661,134168,134725,133373.5,135513.5
2005,2,132772,133405,133921,134458.5,134927.5,135501.5,133624.4,135729
2005,3,133405,133965,134536,135086,135589,136034,133684,135762
2005,4,133994,134261,134858,135410,135958,136400,133616,135674
2006,1,134294,134857,135393,135866.5,136289,136743,135611.5,137400
2006,2,134750,135260,135756.5,136195.5,136643,137016.5,135493.5,137154
2006,3,135119,135495,135876.7343,136232.1727,136611.4258,137020,135302.6966,136816.0277
2006,4,135516,135884.35,136235.8334,136533.9257,136890.1667,137244.4897,135313,136741.2875
2007,1,136051,136462.3003,136811.0115,137170.7916,137554.0585,137958.6617,136998.488,138569.1158
2007,2,137464,137806.3787,138160,138476.1697,138863,139251,137984.8571,139448.6783
2007,3,137887,138256.5667,138600,138941.3334,139285,139648.3151,138047.5,139463.4046
2007,4,138162,138507.0586,138815.0801,139065.7179,139408.5,139810.5,137995.5,139253.9767
2008,1,138445,138563.3428,138700,138939.4321,139218.2397,139474.3813,138870.0899,140063.9623
2008,2,137925,137790.0375,137775.6667,137855.1365,138021.5,138259.5,137837,138575.6057
2008,3,137702,137562.6341,137426.32,137337,137510.667,137700,137618,137639
2008,4,137448,136780.7084,136124.35,135799.1741,135777.5,135836.9176,137436,135874.7623
2009,1,136033,134387.7223,133454.0392,132847.7444,132718.6076,132834.8427,133304.5449,133378.9372
2009,2,133678,132113.4497,131266.0114,130951.8334,131011.5,131321.2334,131975.298,131808.5375
2009,3,132111,131291.6143,131048.5411,131203.1667,131387.5452,131659.8775,132057.75,131762.3765
2009,4,131189,130710.405,130605.4445,130778.1461,131253.8674,131680.5679,131925.565,131088.2129
2010,1,130965,130966.8326,131319.5309,131527.4006,131893.9982,132324.338,131294.8195,132996.773
2010,2,129647,130269,130630.5,131090.5,131732.0452,132384,130461.5834,132669.0435
2010,3,130409,130433,130775.3333,131253.11,131825.3333,132395,130368.5833,132093.9314
2010,4,130283,130543.3503,130886.5,131322.5,131740.25,132219.8537,130242.5,131539.0771
2011,1,130620,131007.2947,131572.2125,132175.3707,132814.7851,133418.8831,131882.2526,134595.3125
2011,2,130529,131102.438,131686,132207.695,132865.897,133412,131386.875,133725
2011,3,130997,131315,131759,132300,132714,133275,131159.9686,132904.069
2011,4,131246,131592,131955,132334,132791.0642,133169.8734,131100.1553,132579
2012,1,131733,132213.3333,132639.0067,133074.5646,133559.6028,134027.3809,132881.9,134836.1877
2012,2,132661,133155.7047,133665.8,134183.6851,134694.46,135251.7757,133421.3878,135529.2475
2012,3,133009,133384,133790,134245,134664,135110.9496,133214,134931.8302
2012,4,133377,133823.05,134205.1477,134643.5,135154,135689,133226.146,134945.8617
2013,1,133864,134359.8122,134822.2693,135338.1583,135879.4426,136394.0049,135210.2779,137331.7527
2013,2,135047,135583.9768,136012,136532,137069.128,137623.7946,135774,137939.3597
2013,3,135707,136215.1771,136751,137264.5806,137820.7647,138365,135942,138102.8677
2013,4,136162,136723.8439,137284.8661,137865.2462,138470.7264,139076.9558,135920,138198.65
2014,1,136747,137279.2176,137859.7346,138445.186,139090.0761,139693,138179.9375,140663.2765
2014,2,137734,138429.9899,139044.1581,139638,140236,140850.5,138721.2084,141153.625
2014,3,138513,139198.7153,139832.4594,140457.5,141085,141687,138820.6667,141389
2014,4,139210,139874.7334,140508.3915,141094.5,141718.5131,142322.5319,138840.2084,141388
2015,1,140061,140868.7577,141570.1575,142236.2443,142924.504,143566,141920.0984,144483.6436
2015,2,141011,141597,142267,142936.0109,143467,144002,141950,144111.1667
2015,3,141609,142276.9026,142938.2516,143493.5711,144067.599,144636,141953.8722,144359.75
2015,4,142231,142835.4818,143400,143980.451,144556.3728,145100,141924.1204,144288
2016,1,142963,143548,144097.7461,144685.4274,145143.1373,145674.3656,144410.5,146390.5
2016,2,143549,144118.4364,144693.9174,145222,145766.75,146266.2364,144381.872,146522.725
2016,3,143980,144531,145040.5,145520.0898,146014.7382,146492.9873,144288.6123,146222
2016,4,144587,145117.7687,145600.8802,146138.5301,146637,147135.0465,144305,146388
2017,1,145131,145683.8591,146184.9365,146691.6021,147172.4795,147645.3552,146477.0366,148450.6144
2017,2,145720,146251.9927,146764.2058,147259.8743,147760.08,148237.9047,146497.7076,148451.491
2017,3,146205,146764.0576,147247.1518,147714,148201.6344,148697.8278,146471.295,148460.3444
2017,4,146625,147174,147668.7732,148169.7458,148641.044,149107.7106,146442.1731,148403.085
2018,1,147197,147747.0209,148260.3285,148766.5049,149221.7812,149740.4623,148546.4457,150349.8371
2018,2,148062,148605.1028,149130,149611.239,150094,150549,148855.152,150785.2992
2018,3,148689,149280.2204,149799.9803,150284.4747,150770.5361,151220.8264,148961.213,150975.07
2018,4,149321,149930.3615,150447.4607,150951.8857,151430.8611,151859.4158,149006.4237,151189.0716
2019,1,150057,150653.6599,151124.1,151629.7466,152056.1282,152487,151365.9641,152844.0857
2019,2,150674,151245.3938,151739.446,152204.0402,152603.8164,153066.4228,151465.0293,153172.4636
2019,3,151135,151586.6667,152031,152443.6667,152881,153206,151351.4875,153046.2902
2019,4,151575,152063.6176,152463,152941.0508,153308.5,153690.5,151364.163,153089.6
2020,1,152201,152735.6086,153241.55,153639.9424,153990.0748,154333.4248,153425.9167,154928.2453
2020,2,152075.3367,129131.9734,136118.6667,138821.3923,140366.1083,142583.367,139735.3667,143508.5782
2020,3,133702,139907.8841,141103.2413,142193.6667,142795.1087,143653.2046,141695,144933
2020,4,140783,142852.5369,144267.3313,145538.8368,146872.2329,148070.8774,142318.8227,146178.2942
2021,1,142605,143034.4378,144222.7129,145560.104,147257.4838,148581.7836,144942.2043,148899.8925
2021,2,143353,145064.6525,147323.6151,148770.7568,149887.6292,150748.4869,146230.6218,151091.4362
2021,3,145048,147133.3393,148659.8075,150066.5276,151281,152076,145964.7,151440.0482
2021,4,147419,148827.3334,150050.6095,150983.2404,151947.7848,152866.2722,146162,151437.9009
2022,1,148735,150043.3603,151114.4161,151885.5447,152561.6696,152995.9992,151318.1803,153684.6304
2022,2,150388,151531.85,152412.95,152992.6839,153469.1691,153653.1507,151858.6,153931.4477
2022,3,151614,152641.4444,153145.1162,153412,153701.8964,153944,151952.2912,153963
2022,4,152738,153391.072,153628.0423,153735.3667,153860.8325,153817.3167,152015.518,153738.5
2023,1,153509,154354.7626,154356.2003,154498.7541,154686.8152,154869.2191,154654.9357,155174.0806
2023,2,155303,155771.2327,155902.715,155979.4075,156090.9038,156159.0027,155715,156388.139
2023,3,155938,156443.8286,156754.8182,156924.4258,157158.479,157392.0677,156088.5872,157226.0971
2023,4,156574,157020.2798,157217.4,157511.0865,157755.6023,158112.1374,156183.25,157622.8289
2024,1,157030,157737.528,158097.0526,158440.9092,158808.1683,159208.7768,158454.3298,159794.7443
