YEAR,QUARTER,SPR_Tbond_Tbill1,SPR_Tbond_Tbill2,SPR_Tbond_Tbill3,SPR_Tbond_Tbill4,SPR_Tbond_Tbill5,SPR_Tbond_Tbill6,SPR_Tbond_TbillA,SPR_Tbond_TbillB,SPR_Tbond_TbillC,SPR_Tbond_TbillD
1968,4,NaN,NaN,NaN,NaN,NaN,NaN,NaN,NaN,#N/A,#N/A
1969,1,NaN,NaN,NaN,NaN,NaN,NaN,NaN,NaN,#N/A,#N/A
1969,2,NaN,NaN,NaN,NaN,NaN,NaN,NaN,NaN,#N/A,#N/A
1969,3,NaN,NaN,NaN,NaN,NaN,NaN,NaN,NaN,#N/A,#N/A
1969,4,NaN,NaN,NaN,NaN,NaN,NaN,NaN,NaN,#N/A,#N/A
1970,1,NaN,NaN,NaN,NaN,NaN,NaN,NaN,NaN,#N/A,#N/A
1970,2,NaN,NaN,NaN,NaN,NaN,NaN,NaN,NaN,#N/A,#N/A
1970,3,NaN,NaN,NaN,NaN,NaN,NaN,NaN,NaN,#N/A,#N/A
1970,4,NaN,NaN,NaN,NaN,NaN,NaN,NaN,NaN,#N/A,#N/A
1971,1,NaN,NaN,NaN,NaN,NaN,NaN,NaN,NaN,#N/A,#N/A
1971,2,NaN,NaN,NaN,NaN,NaN,NaN,NaN,NaN,#N/A,#N/A
1971,3,NaN,NaN,NaN,NaN,NaN,NaN,NaN,NaN,#N/A,#N/A
1971,4,NaN,NaN,NaN,NaN,NaN,NaN,NaN,NaN,#N/A,#N/A
1972,1,NaN,NaN,NaN,NaN,NaN,NaN,NaN,NaN,#N/A,#N/A
1972,2,NaN,NaN,NaN,NaN,NaN,NaN,NaN,NaN,#N/A,#N/A
1972,3,NaN,NaN,NaN,NaN,NaN,NaN,NaN,NaN,#N/A,#N/A
1972,4,NaN,NaN,NaN,NaN,NaN,NaN,NaN,NaN,#N/A,#N/A
1973,1,NaN,NaN,NaN,NaN,NaN,NaN,NaN,NaN,#N/A,#N/A
1973,2,NaN,NaN,NaN,NaN,NaN,NaN,NaN,NaN,#N/A,#N/A
1973,3,NaN,NaN,NaN,NaN,NaN,NaN,NaN,NaN,#N/A,#N/A
1973,4,NaN,NaN,NaN,NaN,NaN,NaN,NaN,NaN,#N/A,#N/A
1974,1,NaN,NaN,NaN,NaN,NaN,NaN,NaN,NaN,#N/A,#N/A
1974,2,NaN,NaN,NaN,NaN,NaN,NaN,NaN,NaN,#N/A,#N/A
1974,3,NaN,NaN,NaN,NaN,NaN,NaN,NaN,NaN,#N/A,#N/A
1974,4,NaN,NaN,NaN,NaN,NaN,NaN,NaN,NaN,#N/A,#N/A
1975,1,NaN,NaN,NaN,NaN,NaN,NaN,NaN,NaN,#N/A,#N/A
1975,2,NaN,NaN,NaN,NaN,NaN,NaN,NaN,NaN,#N/A,#N/A
1975,3,NaN,NaN,NaN,NaN,NaN,NaN,NaN,NaN,#N/A,#N/A
1975,4,NaN,NaN,NaN,NaN,NaN,NaN,NaN,NaN,#N/A,#N/A
1976,1,NaN,NaN,NaN,NaN,NaN,NaN,NaN,NaN,#N/A,#N/A
1976,2,NaN,NaN,NaN,NaN,NaN,NaN,NaN,NaN,#N/A,#N/A
1976,3,NaN,NaN,NaN,NaN,NaN,NaN,NaN,NaN,#N/A,#N/A
1976,4,NaN,NaN,NaN,NaN,NaN,NaN,NaN,NaN,#N/A,#N/A
1977,1,NaN,NaN,NaN,NaN,NaN,NaN,NaN,NaN,#N/A,#N/A
1977,2,NaN,NaN,NaN,NaN,NaN,NaN,NaN,NaN,#N/A,#N/A
1977,3,NaN,NaN,NaN,NaN,NaN,NaN,NaN,NaN,#N/A,#N/A
1977,4,NaN,NaN,NaN,NaN,NaN,NaN,NaN,NaN,#N/A,#N/A
1978,1,NaN,NaN,NaN,NaN,NaN,NaN,NaN,NaN,#N/A,#N/A
1978,2,NaN,NaN,NaN,NaN,NaN,NaN,NaN,NaN,#N/A,#N/A
1978,3,NaN,NaN,NaN,NaN,NaN,NaN,NaN,NaN,#N/A,#N/A
1978,4,NaN,NaN,NaN,NaN,NaN,NaN,NaN,NaN,#N/A,#N/A
1979,1,NaN,NaN,NaN,NaN,NaN,NaN,NaN,NaN,#N/A,#N/A
1979,2,NaN,NaN,NaN,NaN,NaN,NaN,NaN,NaN,#N/A,#N/A
1979,3,NaN,NaN,NaN,NaN,NaN,NaN,NaN,NaN,#N/A,#N/A
1979,4,NaN,NaN,NaN,NaN,NaN,NaN,NaN,NaN,#N/A,#N/A
1980,1,NaN,NaN,NaN,NaN,NaN,NaN,NaN,NaN,#N/A,#N/A
1980,2,NaN,NaN,NaN,NaN,NaN,NaN,NaN,NaN,#N/A,#N/A
1980,3,NaN,NaN,NaN,NaN,NaN,NaN,NaN,NaN,#N/A,#N/A
1980,4,NaN,NaN,NaN,NaN,NaN,NaN,NaN,NaN,#N/A,#N/A
1981,1,NaN,NaN,NaN,NaN,NaN,NaN,NaN,NaN,#N/A,#N/A
1981,2,NaN,NaN,NaN,NaN,NaN,NaN,NaN,NaN,#N/A,#N/A
1981,3,NaN,NaN,NaN,NaN,NaN,NaN,NaN,NaN,#N/A,#N/A
1981,4,NaN,NaN,NaN,NaN,NaN,NaN,NaN,NaN,#N/A,#N/A
1982,1,NaN,NaN,NaN,NaN,NaN,NaN,NaN,NaN,#N/A,#N/A
1982,2,NaN,NaN,NaN,NaN,NaN,NaN,NaN,NaN,#N/A,#N/A
1982,3,NaN,NaN,NaN,NaN,NaN,NaN,NaN,NaN,#N/A,#N/A
1982,4,NaN,NaN,NaN,NaN,NaN,NaN,NaN,NaN,#N/A,#N/A
1983,1,NaN,NaN,NaN,NaN,NaN,NaN,NaN,NaN,#N/A,#N/A
1983,2,NaN,NaN,NaN,NaN,NaN,NaN,NaN,NaN,#N/A,#N/A
1983,3,NaN,NaN,NaN,NaN,NaN,NaN,NaN,NaN,#N/A,#N/A
1983,4,NaN,NaN,NaN,NaN,NaN,NaN,NaN,NaN,#N/A,#N/A
1984,1,NaN,NaN,NaN,NaN,NaN,NaN,NaN,NaN,#N/A,#N/A
1984,2,NaN,NaN,NaN,NaN,NaN,NaN,NaN,NaN,#N/A,#N/A
1984,3,NaN,NaN,NaN,NaN,NaN,NaN,NaN,NaN,#N/A,#N/A
1984,4,NaN,NaN,NaN,NaN,NaN,NaN,NaN,NaN,#N/A,#N/A
1985,1,NaN,NaN,NaN,NaN,NaN,NaN,NaN,NaN,#N/A,#N/A
1985,2,NaN,NaN,NaN,NaN,NaN,NaN,NaN,NaN,#N/A,#N/A
1985,3,NaN,NaN,NaN,NaN,NaN,NaN,NaN,NaN,#N/A,#N/A
1985,4,NaN,NaN,NaN,NaN,NaN,NaN,NaN,NaN,#N/A,#N/A
1986,1,NaN,NaN,NaN,NaN,NaN,NaN,NaN,NaN,#N/A,#N/A
1986,2,NaN,NaN,NaN,NaN,NaN,NaN,NaN,NaN,#N/A,#N/A
1986,3,NaN,NaN,NaN,NaN,NaN,NaN,NaN,NaN,#N/A,#N/A
1986,4,NaN,NaN,NaN,NaN,NaN,NaN,NaN,NaN,#N/A,#N/A
1987,1,NaN,NaN,NaN,NaN,NaN,NaN,NaN,NaN,#N/A,#N/A
1987,2,NaN,NaN,NaN,NaN,NaN,NaN,NaN,NaN,#N/A,#N/A
1987,3,NaN,NaN,NaN,NaN,NaN,NaN,NaN,NaN,#N/A,#N/A
1987,4,NaN,NaN,NaN,NaN,NaN,NaN,NaN,NaN,#N/A,#N/A
1988,1,NaN,NaN,NaN,NaN,NaN,NaN,NaN,NaN,#N/A,#N/A
1988,2,NaN,NaN,NaN,NaN,NaN,NaN,NaN,NaN,#N/A,#N/A
1988,3,NaN,NaN,NaN,NaN,NaN,NaN,NaN,NaN,#N/A,#N/A
1988,4,NaN,NaN,NaN,NaN,NaN,NaN,NaN,NaN,#N/A,#N/A
1989,1,NaN,NaN,NaN,NaN,NaN,NaN,NaN,NaN,#N/A,#N/A
1989,2,NaN,NaN,NaN,NaN,NaN,NaN,NaN,NaN,#N/A,#N/A
1989,3,NaN,NaN,NaN,NaN,NaN,NaN,NaN,NaN,#N/A,#N/A
1989,4,NaN,NaN,NaN,NaN,NaN,NaN,NaN,NaN,#N/A,#N/A
1990,1,NaN,NaN,NaN,NaN,NaN,NaN,NaN,NaN,#N/A,#N/A
1990,2,NaN,NaN,NaN,NaN,NaN,NaN,NaN,NaN,#N/A,#N/A
1990,3,NaN,NaN,NaN,NaN,NaN,NaN,NaN,NaN,#N/A,#N/A
1990,4,NaN,NaN,NaN,NaN,NaN,NaN,NaN,NaN,#N/A,#N/A
1991,1,NaN,NaN,NaN,NaN,NaN,NaN,NaN,NaN,#N/A,#N/A
1991,2,NaN,NaN,NaN,NaN,NaN,NaN,NaN,NaN,#N/A,#N/A
1991,3,NaN,NaN,NaN,NaN,NaN,NaN,NaN,NaN,#N/A,#N/A
1991,4,NaN,NaN,NaN,NaN,NaN,NaN,NaN,NaN,#N/A,#N/A
1992,1,2.81,3.34,3.36,3.3,3.25,3.09,3.385,2.87,#N/A,#N/A
1992,2,3.41,3.65,3.56,3.5,3.275,3.1,3.51,2.95,#N/A,#N/A
1992,3,3.7,3.505,3.54,3.455,3.36,3.3,3.52,3.325,#N/A,#N/A
1992,4,3.54,3.7,3.685,3.575,3.42,3.3,3.6,3.5,#N/A,#N/A
1993,1,3.67,3.5,3.45,3.4,3.25,3.1,3.4,2.9,#N/A,#N/A
1993,2,3.32,3.09,3.09,3,2.91,2.9,3.1,2.885,#N/A,#N/A
1993,3,3.02,2.71,2.7,2.7,2.65,2.65,2.945,2.66,#N/A,#N/A
1993,4,2.61,2.52,2.5,2.4,2.38,2.25,2.87,2.4,#N/A,#N/A
1994,1,2.55,2.6,2.495,2.4,2.305,2.25,2.435,2.1,#N/A,#N/A
1994,2,2.83,3.1,2.75,2.6,2.4,2.3,2.84,2.225,#N/A,#N/A
1994,3,3.09,2.8,2.55,2.3,2.2,2.1,2.8,2.15,#N/A,#N/A
1994,4,2.85,2.62,2.35,2.1,1.9,1.85,2.83,2.04,#N/A,#N/A
1995,1,2.56,1.865,1.465,1.2,1.215,1.32,1.435,1.16,#N/A,#N/A
1995,2,1.74,1.3,1.26,1.15,1.1,1.1,1.37,1.14,#N/A,#N/A
1995,3,1.02,1,1.08,1.07,1.11,1,1.2,1.1,#N/A,#N/A
1995,4,0.95,0.75,0.85,0.9,0.95,0.98,1.1,0.99,#N/A,#N/A
1996,1,0.63,0.83,0.95,1.075,1.15,1.025,0.97,0.965,#N/A,#N/A
1996,2,0.98,1.6,1.47,1.4,1.33,1.28,1.33,1.265,#N/A,#N/A
1996,3,1.7,1.57,1.515,1.455,1.4,1.28,1.43,1.35,#N/A,#N/A
1996,4,1.68,1.4,1.37,1.305,1.25,1.23,1.44,1.29,#N/A,#N/A
1997,1,1.36,1.4,1.315,1.3,1.275,1.25,1.32,1.25,#N/A,#N/A
1997,2,1.5,1.505,1.305,1.16,1.24,1.28,1.45,1.25,#N/A,#N/A
1997,3,1.65,1.26,1.215,1.2,1.2,1.2,1.4,1.22,#N/A,#N/A
1997,4,1.19,1,1,0.985,0.98,0.9,1.33,0.93,#N/A,#N/A
1998,1,0.82,0.535,0.57,0.625,0.66,0.705,0.575,0.65,#N/A,#N/A
1998,2,0.54,0.615,0.635,0.6,0.65,0.6,0.6,0.7,#N/A,#N/A
1998,3,0.62,0.52,0.565,0.635,0.685,0.7,0.58,0.7,#N/A,#N/A
1998,4,0.38,0.47,0.5,0.66,0.77,0.75,0.5,0.72,#N/A,#N/A
1999,1,0.42,0.45,0.51,0.52,0.58,0.5,0.52,0.64,#N/A,#N/A
1999,2,0.57,0.9,0.85,0.82,0.8,0.8,0.8,0.8,#N/A,#N/A
1999,3,1.09,1.15,1.04,0.99,0.97,0.9,0.97,0.92,#N/A,#N/A
1999,4,1.23,1.1,1,1,1,1,1,0.98,#N/A,#N/A
2000,1,1.1,1.05,0.92,0.8,0.695,0.6,0.865,0.7,#N/A,#N/A
2000,2,0.96,0.4,0.23,0.175,0.21,0.285,0.445,0.285,#N/A,#N/A
2000,3,0.47,0.08,0.055,0.1,0.2,0.2,0.35,0.2,#N/A,#N/A
2000,4,-0.13,-0.35,-0.2,-0.175,-0.13,-0.025,0.23,-0.07,#N/A,#N/A
2001,1,-0.45,0.1,0.3,0.51,0.53,0.5,0.38,0.5,#N/A,#N/A
2001,2,0.23,1.35,1.54,1.525,1.485,1.3,1.155,1.25,#N/A,#N/A
2001,3,1.61,1.7,1.9,1.87,1.89,1.7,1.38,1.85,#N/A,#N/A
2001,4,1.81,2.45,2.54,2.4,2.36,2.045,1.5,2.42,#N/A,#N/A
2002,1,2.86,3.32,3.29,3,2.7,2.515,3.1,2.1,#N/A,#N/A
2002,2,3.36,3.43,3.2,3.03,2.8,2.5,3.245,2.34,#N/A,#N/A
2002,3,3.38,2.82,2.91,3,2.8,2.54,3.1,2.69,#N/A,#N/A
2002,4,2.62,2.55,2.7,2.75,2.75,2.51,2.97,2.71,#N/A,#N/A
2003,1,2.68,2.8,2.9,2.9,2.72,2.52,2.87,2.3,#N/A,#N/A
2003,2,2.76,2.77,2.9,2.925,2.95,2.72,2.84,2.5,#N/A,#N/A
2003,3,2.58,3.25,3.3,3.3,3.29,3.2,3,3.2,#N/A,#N/A
2003,4,3.3,3.4,3.425,3.45,3.39,3.235,3.02,3.4,#N/A,#N/A
2004,1,3.37,3.285,3.355,3.4,3.3,3.16,3.345,2.9,#N/A,#N/A
2004,2,3.1,3.55,3.43,3.3535,3.085,2.96,3.335,2.85,#N/A,#N/A
2004,3,3.52,3.165,3.035,2.875,2.63,2.275,3.205,2.41,#N/A,#N/A
2004,4,2.81,2.3,2.25,2.2,2.08,1.94,2.965,2.105,#N/A,#N/A
2005,1,2.16,1.78,1.6,1.5,1.5,1.45,1.5,1.39,#N/A,#N/A
2005,2,1.76,1.4405,1.2055,1.05,1.04,1.04,1.364,1.1,#N/A,#N/A
2005,3,1.3,0.95,0.7595,0.7235,0.75,0.8,1.2,0.79,#N/A,#N/A
2005,4,0.85,0.7,0.637,0.6,0.6,0.606,1.12,0.615,#N/A,#N/A
2006,1,0.66,0.25,0.252,0.29,0.32,0.331,0.29,0.45,#N/A,#N/A
2006,2,0.18,0.3,0.25,0.25,0.3,0.33,0.21,0.35,#N/A,#N/A
2006,3,0.37,0.095,0.069,0.125,0.2175,0.2584,0.1578,0.27,#N/A,#N/A
2006,4,-0.01,-0.2,-0.1,0,0.05,0.11,0.0713,0,#N/A,#N/A
2007,1,-0.27,-0.2029,-0.153,-0.0526,0.0523,0.1,-0.09,0.1742,#N/A,#N/A
2007,2,-0.3,-0.27,-0.1998,-0.0917,0.03,0.072,-0.195,0.1,#N/A,#N/A
2007,3,0.11,0.08,0.1,0.2,0.2,0.209,0,0.25,#N/A,#N/A
2007,4,0.43,0.55,0.65,0.625,0.675,0.7,0.1855,0.675,#N/A,#N/A
2008,1,0.87,1.275,1.4583,1.6,1.6,1.59,1.5088,1.45,#N/A,#N/A
2008,2,1.62,2.25,2.142,2.098,2.0973,1.957,2.048,1.815,#N/A,#N/A
2008,3,2.26,2.237,2.255,2.18,2,1.9,2.0887,2,#N/A,#N/A
2008,4,2.37,3.14,3.03,3,2.9,2.8,2.335,2.9465,#N/A,#N/A
2009,1,2.95,2.515,2.6,2.6316,2.7,2.838,2.625,2.68,#N/A,#N/A
2009,2,2.53,2.82,2.81,2.8667,2.9,2.975,2.73,2.9,#N/A,#N/A
2009,3,3.14,3.435,3.4528,3.46,3.3753,3.195,3.1512,3.2312,2.2,2
2009,4,3.36,3.3471,3.385,3.385,3.34,3.14,3.09,3.35,2.125,1.425
2010,1,3.4,3.56,3.59,3.5817,3.44,3.2567,3.5137,2.8,1.7,1.4869
2010,2,3.61,3.6,3.6358,3.51,3.385,3.35,3.6,3.0875,1.9285,1.6
2010,3,3.34,2.9029,3.07,3.195,3.25,3.1583,3.22,3.125,2,1.385
2010,4,2.63,2.3999,2.4,2.5167,2.58,2.7458,2.9917,2.55,2.5,1.8
2011,1,2.72,3.245,3.28,3.35,3.45,3.5,3.3375,3.22,2.013,1.6
2011,2,3.33,3.3397,3.45,3.545,3.425,3.25,3.43,3.215,2.2,1.7181
2011,3,3.16,2.86,2.9929,3.1191,3.176,3.1833,3.08,3.09,2.25,1.9
2011,4,2.41,2.1641,2.29,2.3286,2.41,2.53,2.7635,2.3863,2.75,2.285
2012,1,2.04,1.97,2.0716,2.2,2.34,2.45,2.1025,2.63,2.425,1.9816
2012,2,1.97,2,2.15,2.23,2.33,2.43,2.09,2.47,2.3425,1.98
2012,3,1.73,1.4852,1.61,1.725,1.845,2,1.7025,1.945,2.1,2.0763
2012,4,1.54,1.65,1.695,1.795,1.975,2.095,1.7121,1.9,2.2,1.93
2013,1,1.62,1.8061,1.9069,2.041,2.175,2.3245,2.005,2.475,2.5668,2
2013,2,1.86,1.74,1.88,2.0292,2.17,2.3,1.8692,2.4,2.4646,1.9067
2013,3,1.95,2.51,2.5578,2.615,2.7,2.82,2.2297,2.755,2.955,2.25
2013,4,2.68,2.65,2.75,2.86,2.95,3.025,2.2825,2.9,3.06,2.6355
2014,1,2.69,2.75,2.9,3.017,3.1,3.16,2.9507,3.1275,2.5,1.7265
2014,2,2.71,2.705,2.8316,2.95,3.03,3.1065,2.7933,3.1059,2.345,1.56
2014,3,2.59,2.59,2.72,2.9,3,2.9397,2.6536,2.9051,2.2,1.33
2014,4,2.47,2.3638,2.53,2.583,2.567,2.5629,2.5344,2.5435,1.95,1.3825
2015,1,2.26,1.887,2.07,2.0808,2.025,1.9865,2.025,1.848,1.2562,1
2015,2,1.94,2.0788,2.07,2.05,2.0578,1.9875,2.0542,1.8945,1.4213,1.1757
2015,3,2.15,2.25,2.2,2.18,2.05,1.9232,2.1408,1.94,1.48,1.15
2015,4,2.18,2.15,2.125,2.0815,2.035,1.99,2.1,2.06,1.7,1.265
2016,1,2.07,1.8275,1.825,1.8256,1.7664,1.7417,1.8045,1.5,1.2629,1.06
2016,2,1.63,1.62,1.65,1.65,1.5976,1.56,1.65,1.5819,1.25,0.995
2016,3,1.49,1.27,1.4,1.37,1.42,1.3858,1.4394,1.3596,1.2,0.99
2016,4,1.26,1.4,1.35,1.31,1.35,1.275,1.45,1.3125,1.195,1.1
2017,1,1.7,1.8969,1.8147,1.75,1.725,1.65,1.8,1.5,1.2,0.99
2017,2,1.85,1.575,1.485,1.41,1.465,1.4,1.5763,1.3,1.05,0.85
2017,3,1.37,1.25,1.2999,1.3,1.25,1.2,1.4464,1.2,1,0.8
2017,4,1.2,1.26,1.25,1.2,1.12,1.0609,1.41,1.14,0.95,0.85
2018,1,1.16,1.25,1.2,1.15,1.105,1.1,1.195,1,0.85,0.75
2018,2,1.2,1.1121,1.0817,1.08,0.984,0.8,1.1086,0.8,0.7,0.8507
2018,3,1.08,0.958,0.8486,0.8,0.6594,0.6,1.0088,0.6185,0.67,0.7692
2018,4,0.89,0.8523,0.8,0.675,0.6,0.59,1,0.655,0.4734,0.5075
2019,1,0.71,0.31,0.31,0.385,0.35,0.4207,0.37,0.41,0.4532,0.5218
2019,2,0.26,0.1349,0.22,0.27,0.291,0.35,0.2084,0.3646,0.4912,0.3
2019,3,0.03,-0.05,0.0655,0.1612,0.33,0.4478,0.0709,0.4137,0.4041,0.4
2019,4,-0.18,0.125,0.175,0.25,0.315,0.42,0.0383,0.2753,0.5375,0.5
2020,1,0.21,0.1549,0.263,0.3506,0.3821,0.4373,0.2961,0.495,0.5152,0.4358
2020,2,0.27,0.545,0.6,0.6,0.715,0.8,0.5066,0.9,0.955,0.9388
2020,3,0.55,0.51,0.6,0.6567,0.7,0.8041,0.48,0.7667,1,0.9888
2020,4,0.54,0.6909,0.7325,0.825,0.89,0.9875,0.51,0.8756,1.125,1.1
2021,1,0.77,1.025,1.09,1.1625,1.255,1.29,1.12,1.33,1.3735,1.4141
2021,2,1.27,1.61,1.69,1.76,1.83,1.87,1.5836,1.87,1.92,1.8892
2021,3,1.56,1.3354,1.48,1.55,1.6574,1.7,1.4175,1.6803,1.7963,1.66
2021,4,1.27,1.55,1.64,1.64,1.6895,1.7,1.4125,1.64,1.5398,1.381
2022,1,1.49,1.6,1.4869,1.4454,1.3225,1.27,1.4525,1.215,1.05,0.87
2022,2,1.63,1.8701,1.46,1.1896,0.944,0.6721,1.534,0.6554,0.5004,0.67
2022,3,1.85,0.4194,0.194,0.0189,0.0509,0.1,1.015,0.1,0.36,0.6
2022,4,0.45,-0.0766,-0.345,-0.3313,-0.2774,-0.28,0.955,-0.2675,0.1448,0.5
2023,1,-0.21,-1.0899,-0.9775,-0.8736,-0.8196,-0.6482,-0.9474,-0.4313,0.25,0.5
2023,2,-0.98,-1.4986,-1.4112,-1.3,-1.128,-0.86,-1.3,-0.805,0.15,0.73
2023,3,-1.48,-1.5,-1.4636,-1.44,-1.15,-0.9767,-1.33,-1.03,-0.0622,0.6125
2023,4,-1.14,-0.85,-0.9021,-0.9226,-0.725,-0.475,-1.1038,-0.81,-0.02,0.7465
2024,1,-0.84,-1.2729,-1.125,-0.9444,-0.7176,-0.43,-1.0007,-0.0586,0.8,0.9113
