YEAR,QUARTER,SPR_BAA_TBOND1,SPR_BAA_TBOND2,SPR_BAA_TBOND3,SPR_BAA_TBOND4,SPR_BAA_TBOND5,SPR_BAA_TBOND6,SPR_BAA_TBONDA,SPR_BAA_TBONDB
1968,4,#N/A,#N/A,#N/A,#N/A,#N/A,#N/A,#N/A,#N/A
1969,1,#N/A,#N/A,#N/A,#N/A,#N/A,#N/A,#N/A,#N/A
1969,2,#N/A,#N/A,#N/A,#N/A,#N/A,#N/A,#N/A,#N/A
1969,3,#N/A,#N/A,#N/A,#N/A,#N/A,#N/A,#N/A,#N/A
1969,4,#N/A,#N/A,#N/A,#N/A,#N/A,#N/A,#N/A,#N/A
1970,1,#N/A,#N/A,#N/A,#N/A,#N/A,#N/A,#N/A,#N/A
1970,2,#N/A,#N/A,#N/A,#N/A,#N/A,#N/A,#N/A,#N/A
1970,3,#N/A,#N/A,#N/A,#N/A,#N/A,#N/A,#N/A,#N/A
1970,4,#N/A,#N/A,#N/A,#N/A,#N/A,#N/A,#N/A,#N/A
1971,1,#N/A,#N/A,#N/A,#N/A,#N/A,#N/A,#N/A,#N/A
1971,2,#N/A,#N/A,#N/A,#N/A,#N/A,#N/A,#N/A,#N/A
1971,3,#N/A,#N/A,#N/A,#N/A,#N/A,#N/A,#N/A,#N/A
1971,4,#N/A,#N/A,#N/A,#N/A,#N/A,#N/A,#N/A,#N/A
1972,1,#N/A,#N/A,#N/A,#N/A,#N/A,#N/A,#N/A,#N/A
1972,2,#N/A,#N/A,#N/A,#N/A,#N/A,#N/A,#N/A,#N/A
1972,3,#N/A,#N/A,#N/A,#N/A,#N/A,#N/A,#N/A,#N/A
1972,4,#N/A,#N/A,#N/A,#N/A,#N/A,#N/A,#N/A,#N/A
1973,1,#N/A,#N/A,#N/A,#N/A,#N/A,#N/A,#N/A,#N/A
1973,2,#N/A,#N/A,#N/A,#N/A,#N/A,#N/A,#N/A,#N/A
1973,3,#N/A,#N/A,#N/A,#N/A,#N/A,#N/A,#N/A,#N/A
1973,4,#N/A,#N/A,#N/A,#N/A,#N/A,#N/A,#N/A,#N/A
1974,1,#N/A,#N/A,#N/A,#N/A,#N/A,#N/A,#N/A,#N/A
1974,2,#N/A,#N/A,#N/A,#N/A,#N/A,#N/A,#N/A,#N/A
1974,3,#N/A,#N/A,#N/A,#N/A,#N/A,#N/A,#N/A,#N/A
1974,4,#N/A,#N/A,#N/A,#N/A,#N/A,#N/A,#N/A,#N/A
1975,1,#N/A,#N/A,#N/A,#N/A,#N/A,#N/A,#N/A,#N/A
1975,2,#N/A,#N/A,#N/A,#N/A,#N/A,#N/A,#N/A,#N/A
1975,3,#N/A,#N/A,#N/A,#N/A,#N/A,#N/A,#N/A,#N/A
1975,4,#N/A,#N/A,#N/A,#N/A,#N/A,#N/A,#N/A,#N/A
1976,1,#N/A,#N/A,#N/A,#N/A,#N/A,#N/A,#N/A,#N/A
1976,2,#N/A,#N/A,#N/A,#N/A,#N/A,#N/A,#N/A,#N/A
1976,3,#N/A,#N/A,#N/A,#N/A,#N/A,#N/A,#N/A,#N/A
1976,4,#N/A,#N/A,#N/A,#N/A,#N/A,#N/A,#N/A,#N/A
1977,1,#N/A,#N/A,#N/A,#N/A,#N/A,#N/A,#N/A,#N/A
1977,2,#N/A,#N/A,#N/A,#N/A,#N/A,#N/A,#N/A,#N/A
1977,3,#N/A,#N/A,#N/A,#N/A,#N/A,#N/A,#N/A,#N/A
1977,4,#N/A,#N/A,#N/A,#N/A,#N/A,#N/A,#N/A,#N/A
1978,1,#N/A,#N/A,#N/A,#N/A,#N/A,#N/A,#N/A,#N/A
1978,2,#N/A,#N/A,#N/A,#N/A,#N/A,#N/A,#N/A,#N/A
1978,3,#N/A,#N/A,#N/A,#N/A,#N/A,#N/A,#N/A,#N/A
1978,4,#N/A,#N/A,#N/A,#N/A,#N/A,#N/A,#N/A,#N/A
1979,1,#N/A,#N/A,#N/A,#N/A,#N/A,#N/A,#N/A,#N/A
1979,2,#N/A,#N/A,#N/A,#N/A,#N/A,#N/A,#N/A,#N/A
1979,3,#N/A,#N/A,#N/A,#N/A,#N/A,#N/A,#N/A,#N/A
1979,4,#N/A,#N/A,#N/A,#N/A,#N/A,#N/A,#N/A,#N/A
1980,1,#N/A,#N/A,#N/A,#N/A,#N/A,#N/A,#N/A,#N/A
1980,2,#N/A,#N/A,#N/A,#N/A,#N/A,#N/A,#N/A,#N/A
1980,3,#N/A,#N/A,#N/A,#N/A,#N/A,#N/A,#N/A,#N/A
1980,4,#N/A,#N/A,#N/A,#N/A,#N/A,#N/A,#N/A,#N/A
1981,1,#N/A,#N/A,#N/A,#N/A,#N/A,#N/A,#N/A,#N/A
1981,2,#N/A,#N/A,#N/A,#N/A,#N/A,#N/A,#N/A,#N/A
1981,3,#N/A,#N/A,#N/A,#N/A,#N/A,#N/A,#N/A,#N/A
1981,4,#N/A,#N/A,#N/A,#N/A,#N/A,#N/A,#N/A,#N/A
1982,1,#N/A,#N/A,#N/A,#N/A,#N/A,#N/A,#N/A,#N/A
1982,2,#N/A,#N/A,#N/A,#N/A,#N/A,#N/A,#N/A,#N/A
1982,3,#N/A,#N/A,#N/A,#N/A,#N/A,#N/A,#N/A,#N/A
1982,4,#N/A,#N/A,#N/A,#N/A,#N/A,#N/A,#N/A,#N/A
1983,1,#N/A,#N/A,#N/A,#N/A,#N/A,#N/A,#N/A,#N/A
1983,2,#N/A,#N/A,#N/A,#N/A,#N/A,#N/A,#N/A,#N/A
1983,3,#N/A,#N/A,#N/A,#N/A,#N/A,#N/A,#N/A,#N/A
1983,4,#N/A,#N/A,#N/A,#N/A,#N/A,#N/A,#N/A,#N/A
1984,1,#N/A,#N/A,#N/A,#N/A,#N/A,#N/A,#N/A,#N/A
1984,2,#N/A,#N/A,#N/A,#N/A,#N/A,#N/A,#N/A,#N/A
1984,3,#N/A,#N/A,#N/A,#N/A,#N/A,#N/A,#N/A,#N/A
1984,4,#N/A,#N/A,#N/A,#N/A,#N/A,#N/A,#N/A,#N/A
1985,1,#N/A,#N/A,#N/A,#N/A,#N/A,#N/A,#N/A,#N/A
1985,2,#N/A,#N/A,#N/A,#N/A,#N/A,#N/A,#N/A,#N/A
1985,3,#N/A,#N/A,#N/A,#N/A,#N/A,#N/A,#N/A,#N/A
1985,4,#N/A,#N/A,#N/A,#N/A,#N/A,#N/A,#N/A,#N/A
1986,1,#N/A,#N/A,#N/A,#N/A,#N/A,#N/A,#N/A,#N/A
1986,2,#N/A,#N/A,#N/A,#N/A,#N/A,#N/A,#N/A,#N/A
1986,3,#N/A,#N/A,#N/A,#N/A,#N/A,#N/A,#N/A,#N/A
1986,4,#N/A,#N/A,#N/A,#N/A,#N/A,#N/A,#N/A,#N/A
1987,1,#N/A,#N/A,#N/A,#N/A,#N/A,#N/A,#N/A,#N/A
1987,2,#N/A,#N/A,#N/A,#N/A,#N/A,#N/A,#N/A,#N/A
1987,3,#N/A,#N/A,#N/A,#N/A,#N/A,#N/A,#N/A,#N/A
1987,4,#N/A,#N/A,#N/A,#N/A,#N/A,#N/A,#N/A,#N/A
1988,1,#N/A,#N/A,#N/A,#N/A,#N/A,#N/A,#N/A,#N/A
1988,2,#N/A,#N/A,#N/A,#N/A,#N/A,#N/A,#N/A,#N/A
1988,3,#N/A,#N/A,#N/A,#N/A,#N/A,#N/A,#N/A,#N/A
1988,4,#N/A,#N/A,#N/A,#N/A,#N/A,#N/A,#N/A,#N/A
1989,1,#N/A,#N/A,#N/A,#N/A,#N/A,#N/A,#N/A,#N/A
1989,2,#N/A,#N/A,#N/A,#N/A,#N/A,#N/A,#N/A,#N/A
1989,3,#N/A,#N/A,#N/A,#N/A,#N/A,#N/A,#N/A,#N/A
1989,4,#N/A,#N/A,#N/A,#N/A,#N/A,#N/A,#N/A,#N/A
1990,1,#N/A,#N/A,#N/A,#N/A,#N/A,#N/A,#N/A,#N/A
1990,2,#N/A,#N/A,#N/A,#N/A,#N/A,#N/A,#N/A,#N/A
1990,3,#N/A,#N/A,#N/A,#N/A,#N/A,#N/A,#N/A,#N/A
1990,4,#N/A,#N/A,#N/A,#N/A,#N/A,#N/A,#N/A,#N/A
1991,1,#N/A,#N/A,#N/A,#N/A,#N/A,#N/A,#N/A,#N/A
1991,2,#N/A,#N/A,#N/A,#N/A,#N/A,#N/A,#N/A,#N/A
1991,3,#N/A,#N/A,#N/A,#N/A,#N/A,#N/A,#N/A,#N/A
1991,4,#N/A,#N/A,#N/A,#N/A,#N/A,#N/A,#N/A,#N/A
1992,1,#N/A,#N/A,#N/A,#N/A,#N/A,#N/A,#N/A,#N/A
1992,2,#N/A,#N/A,#N/A,#N/A,#N/A,#N/A,#N/A,#N/A
1992,3,#N/A,#N/A,#N/A,#N/A,#N/A,#N/A,#N/A,#N/A
1992,4,#N/A,#N/A,#N/A,#N/A,#N/A,#N/A,#N/A,#N/A
1993,1,#N/A,#N/A,#N/A,#N/A,#N/A,#N/A,#N/A,#N/A
1993,2,#N/A,#N/A,#N/A,#N/A,#N/A,#N/A,#N/A,#N/A
1993,3,#N/A,#N/A,#N/A,#N/A,#N/A,#N/A,#N/A,#N/A
1993,4,#N/A,#N/A,#N/A,#N/A,#N/A,#N/A,#N/A,#N/A
1994,1,#N/A,#N/A,#N/A,#N/A,#N/A,#N/A,#N/A,#N/A
1994,2,#N/A,#N/A,#N/A,#N/A,#N/A,#N/A,#N/A,#N/A
1994,3,#N/A,#N/A,#N/A,#N/A,#N/A,#N/A,#N/A,#N/A
1994,4,#N/A,#N/A,#N/A,#N/A,#N/A,#N/A,#N/A,#N/A
1995,1,#N/A,#N/A,#N/A,#N/A,#N/A,#N/A,#N/A,#N/A
1995,2,#N/A,#N/A,#N/A,#N/A,#N/A,#N/A,#N/A,#N/A
1995,3,#N/A,#N/A,#N/A,#N/A,#N/A,#N/A,#N/A,#N/A
1995,4,#N/A,#N/A,#N/A,#N/A,#N/A,#N/A,#N/A,#N/A
1996,1,#N/A,#N/A,#N/A,#N/A,#N/A,#N/A,#N/A,#N/A
1996,2,#N/A,#N/A,#N/A,#N/A,#N/A,#N/A,#N/A,#N/A
1996,3,#N/A,#N/A,#N/A,#N/A,#N/A,#N/A,#N/A,#N/A
1996,4,#N/A,#N/A,#N/A,#N/A,#N/A,#N/A,#N/A,#N/A
1997,1,#N/A,#N/A,#N/A,#N/A,#N/A,#N/A,#N/A,#N/A
1997,2,#N/A,#N/A,#N/A,#N/A,#N/A,#N/A,#N/A,#N/A
1997,3,#N/A,#N/A,#N/A,#N/A,#N/A,#N/A,#N/A,#N/A
1997,4,#N/A,#N/A,#N/A,#N/A,#N/A,#N/A,#N/A,#N/A
1998,1,#N/A,#N/A,#N/A,#N/A,#N/A,#N/A,#N/A,#N/A
1998,2,#N/A,#N/A,#N/A,#N/A,#N/A,#N/A,#N/A,#N/A
1998,3,#N/A,#N/A,#N/A,#N/A,#N/A,#N/A,#N/A,#N/A
1998,4,#N/A,#N/A,#N/A,#N/A,#N/A,#N/A,#N/A,#N/A
1999,1,#N/A,#N/A,#N/A,#N/A,#N/A,#N/A,#N/A,#N/A
1999,2,#N/A,#N/A,#N/A,#N/A,#N/A,#N/A,#N/A,#N/A
1999,3,#N/A,#N/A,#N/A,#N/A,#N/A,#N/A,#N/A,#N/A
1999,4,#N/A,#N/A,#N/A,#N/A,#N/A,#N/A,#N/A,#N/A
2000,1,#N/A,#N/A,#N/A,#N/A,#N/A,#N/A,#N/A,#N/A
2000,2,#N/A,#N/A,#N/A,#N/A,#N/A,#N/A,#N/A,#N/A
2000,3,#N/A,#N/A,#N/A,#N/A,#N/A,#N/A,#N/A,#N/A
2000,4,#N/A,#N/A,#N/A,#N/A,#N/A,#N/A,#N/A,#N/A
2001,1,#N/A,#N/A,#N/A,#N/A,#N/A,#N/A,#N/A,#N/A
2001,2,#N/A,#N/A,#N/A,#N/A,#N/A,#N/A,#N/A,#N/A
2001,3,#N/A,#N/A,#N/A,#N/A,#N/A,#N/A,#N/A,#N/A
2001,4,#N/A,#N/A,#N/A,#N/A,#N/A,#N/A,#N/A,#N/A
2002,1,#N/A,#N/A,#N/A,#N/A,#N/A,#N/A,#N/A,#N/A
2002,2,#N/A,#N/A,#N/A,#N/A,#N/A,#N/A,#N/A,#N/A
2002,3,#N/A,#N/A,#N/A,#N/A,#N/A,#N/A,#N/A,#N/A
2002,4,#N/A,#N/A,#N/A,#N/A,#N/A,#N/A,#N/A,#N/A
2003,1,#N/A,#N/A,#N/A,#N/A,#N/A,#N/A,#N/A,#N/A
2003,2,#N/A,#N/A,#N/A,#N/A,#N/A,#N/A,#N/A,#N/A
2003,3,#N/A,#N/A,#N/A,#N/A,#N/A,#N/A,#N/A,#N/A
2003,4,#N/A,#N/A,#N/A,#N/A,#N/A,#N/A,#N/A,#N/A
2004,1,#N/A,#N/A,#N/A,#N/A,#N/A,#N/A,#N/A,#N/A
2004,2,#N/A,#N/A,#N/A,#N/A,#N/A,#N/A,#N/A,#N/A
2004,3,#N/A,#N/A,#N/A,#N/A,#N/A,#N/A,#N/A,#N/A
2004,4,#N/A,#N/A,#N/A,#N/A,#N/A,#N/A,#N/A,#N/A
2005,1,#N/A,#N/A,#N/A,#N/A,#N/A,#N/A,#N/A,#N/A
2005,2,#N/A,#N/A,#N/A,#N/A,#N/A,#N/A,#N/A,#N/A
2005,3,#N/A,#N/A,#N/A,#N/A,#N/A,#N/A,#N/A,#N/A
2005,4,#N/A,#N/A,#N/A,#N/A,#N/A,#N/A,#N/A,#N/A
2006,1,#N/A,#N/A,#N/A,#N/A,#N/A,#N/A,#N/A,#N/A
2006,2,#N/A,#N/A,#N/A,#N/A,#N/A,#N/A,#N/A,#N/A
2006,3,#N/A,#N/A,#N/A,#N/A,#N/A,#N/A,#N/A,#N/A
2006,4,#N/A,#N/A,#N/A,#N/A,#N/A,#N/A,#N/A,#N/A
2007,1,#N/A,#N/A,#N/A,#N/A,#N/A,#N/A,#N/A,#N/A
2007,2,#N/A,#N/A,#N/A,#N/A,#N/A,#N/A,#N/A,#N/A
2007,3,#N/A,#N/A,#N/A,#N/A,#N/A,#N/A,#N/A,#N/A
2007,4,#N/A,#N/A,#N/A,#N/A,#N/A,#N/A,#N/A,#N/A
2008,1,#N/A,#N/A,#N/A,#N/A,#N/A,#N/A,#N/A,#N/A
2008,2,#N/A,#N/A,#N/A,#N/A,#N/A,#N/A,#N/A,#N/A
2008,3,#N/A,#N/A,#N/A,#N/A,#N/A,#N/A,#N/A,#N/A
2008,4,#N/A,#N/A,#N/A,#N/A,#N/A,#N/A,#N/A,#N/A
2009,1,#N/A,#N/A,#N/A,#N/A,#N/A,#N/A,#N/A,#N/A
2009,2,#N/A,#N/A,#N/A,#N/A,#N/A,#N/A,#N/A,#N/A
2009,3,#N/A,#N/A,#N/A,#N/A,#N/A,#N/A,#N/A,#N/A
2009,4,#N/A,#N/A,#N/A,#N/A,#N/A,#N/A,#N/A,#N/A
2010,1,#N/A,2.67,2.6,2.6,2.5426,2.4,2.625,2.34
2010,2,#N/A,2.5324,2.54,2.54,2.4967,2.45,2.55,2.4847
2010,3,#N/A,2.9,2.7334,2.711,2.7,2.5633,2.7342,2.675
2010,4,#N/A,3.0813,2.95,2.85,2.75,2.7,2.85,2.8475
2011,1,#N/A,2.79,2.7514,2.7187,2.69,2.6,2.7155,2.53
2011,2,#N/A,2.62,2.6161,2.6,2.6,2.6,2.6,2.51
2011,3,#N/A,2.7205,2.7538,2.75,2.695,2.6466,2.6996,2.63
2011,4,#N/A,3.07,3,2.905,2.8806,2.822,2.8334,2.92
2012,1,#N/A,3.2111,3.1,3.05,2.9486,2.8872,3.045,2.874
2012,2,#N/A,3.1,3.1,3,2.955,2.8835,3.082,2.8667
2012,3,#N/A,3.34,3.25,3.22,3.1169,3.1,3.2475,3.1875
2012,4,#N/A,3.055,3,3,2.935,2.85,3.19,3
2013,1,#N/A,2.85,2.82,2.85,2.82,2.8,2.86,2.7
2013,2,#N/A,2.85,2.84,2.85,2.84,2.855,2.8525,2.85
2013,3,#N/A,2.7642,2.7831,2.79,2.7836,2.82,2.8104,2.82
2013,4,#N/A,2.72,2.7,2.7,2.7,2.7,2.7796,2.7
2014,1,#N/A,2.56,2.5391,2.5484,2.5128,2.5,2.5332,2.5
2014,2,#N/A,2.26,2.2708,2.3541,2.3665,2.337,2.296,2.3
2014,3,#N/A,2.224,2.272,2.3025,2.4,2.4,2.25,2.4378
2014,4,#N/A,2.3592,2.35,2.35,2.34,2.33,2.29,2.3306
2015,1,#N/A,2.562,2.505,2.481,2.4385,2.4235,2.5,2.4768
2015,2,#N/A,2.55,2.55,2.5,2.5,2.5,2.545,2.5287
2015,3,#N/A,2.8221,2.7557,2.7282,2.7167,2.7331,2.6749,2.7112
2015,4,#N/A,3.075,3,2.905,2.8783,2.855,2.83,2.9163
2016,1,#N/A,3.37,3.3,3.2,3.164,3,3.2411,3.017
2016,2,#N/A,3.1,3.1,3,3.09,3.08,3.2,3.03
2016,3,#N/A,2.79,2.8473,2.9,2.9,2.9,3,2.9279
2016,4,#N/A,2.68,2.695,2.71,2.7033,2.73,2.9182,2.71
2017,1,#N/A,2.3728,2.3406,2.3988,2.505,2.5104,2.3733,2.45
2017,2,#N/A,2.28,2.2875,2.3,2.2643,2.28,2.28,2.3
2017,3,#N/A,2.19,2.21,2.18,2.18,2.202,2.225,2.185
2017,4,#N/A,2,2.049,2.0498,2.0273,2.06,2.1463,2.0296
2018,1,#N/A,1.8,1.7839,1.84,1.84,1.8733,1.82,1.9191
2018,2,#N/A,1.8028,1.8306,1.835,1.8409,1.8435,1.8025,1.85
2018,3,#N/A,1.9,1.9,1.9,1.95,2,1.85,1.95
2018,4,#N/A,1.91,1.95,1.9834,2,2.02,1.8451,1.99
2019,1,#N/A,2.29,2.2419,2.26,2.3,2.3,2.3,2.31
2019,2,#N/A,2.205,2.2,2.25,2.225,2.2416,2.24,2.225
2019,3,#N/A,2.2378,2.255,2.2635,2.25,2.2935,2.2651,2.22
2019,4,#N/A,2.1927,2.1904,2.2283,2.2293,2.208,2.2487,2.2206
2020,1,#N/A,2.08,2.08,2.073,2.1,2.1,2.0939,2.15
2020,2,#N/A,3.29,3.1,2.98,2.8027,2.6842,2.905,2.6425
2020,3,#N/A,2.775,2.71,2.755,2.736,2.685,2.79,2.7533
2020,4,#N/A,2.6,2.5841,2.5867,2.5633,2.55,2.7475,2.5875
2021,1,#N/A,2.3,2.2999,2.3,2.3,2.35,2.3,2.29
2021,2,#N/A,2.05,2.1,2.14,2.16,2.2,2.12,2.21
2021,3,#N/A,1.99,2,2.05,2.05,2.0618,2.03,2.0538
2021,4,#N/A,1.8961,1.9095,1.975,1.9698,1.975,1.9828,1.9863
2022,1,#N/A,1.81,1.8848,1.9,1.9389,1.9975,1.8886,2.035
2022,2,#N/A,2.05,2.125,2.2,2.23,2.225,2.1035,2.2438
2022,3,#N/A,2.3,2.3,2.385,2.335,2.3074,2.1838,2.3125
2022,4,#N/A,2.25,2.2631,2.339,2.3,2.25,2.16,2.3364
2023,1,#N/A,2,2.2,2.28,2.28,2.25,2.2,2.2127
2023,2,#N/A,2.115,2.1632,2.162,2.1864,2.2073,2.1162,2.2115
2023,3,#N/A,1.93,1.9868,2.05,2.05,2.1,1.9796,2.1042
2023,4,#N/A,1.8515,1.8977,1.95,2.0455,2.004,1.9299,1.9977
2024,1,#N/A,1.67,1.78,1.8,1.8,1.8766,1.78,1.9108
