YEAR,QUARTER,SPR_BAA_AAA1,SPR_BAA_AAA2,SPR_BAA_AAA3,SPR_BAA_AAA4,SPR_BAA_AAA5,SPR_BAA_AAA6,SPR_BAA_AAAA,SPR_BAA_AAAB
1968,4,#N/A,#N/A,#N/A,#N/A,#N/A,#N/A,#N/A,#N/A
1969,1,#N/A,#N/A,#N/A,#N/A,#N/A,#N/A,#N/A,#N/A
1969,2,#N/A,#N/A,#N/A,#N/A,#N/A,#N/A,#N/A,#N/A
1969,3,#N/A,#N/A,#N/A,#N/A,#N/A,#N/A,#N/A,#N/A
1969,4,#N/A,#N/A,#N/A,#N/A,#N/A,#N/A,#N/A,#N/A
1970,1,#N/A,#N/A,#N/A,#N/A,#N/A,#N/A,#N/A,#N/A
1970,2,#N/A,#N/A,#N/A,#N/A,#N/A,#N/A,#N/A,#N/A
1970,3,#N/A,#N/A,#N/A,#N/A,#N/A,#N/A,#N/A,#N/A
1970,4,#N/A,#N/A,#N/A,#N/A,#N/A,#N/A,#N/A,#N/A
1971,1,#N/A,#N/A,#N/A,#N/A,#N/A,#N/A,#N/A,#N/A
1971,2,#N/A,#N/A,#N/A,#N/A,#N/A,#N/A,#N/A,#N/A
1971,3,#N/A,#N/A,#N/A,#N/A,#N/A,#N/A,#N/A,#N/A
1971,4,#N/A,#N/A,#N/A,#N/A,#N/A,#N/A,#N/A,#N/A
1972,1,#N/A,#N/A,#N/A,#N/A,#N/A,#N/A,#N/A,#N/A
1972,2,#N/A,#N/A,#N/A,#N/A,#N/A,#N/A,#N/A,#N/A
1972,3,#N/A,#N/A,#N/A,#N/A,#N/A,#N/A,#N/A,#N/A
1972,4,#N/A,#N/A,#N/A,#N/A,#N/A,#N/A,#N/A,#N/A
1973,1,#N/A,#N/A,#N/A,#N/A,#N/A,#N/A,#N/A,#N/A
1973,2,#N/A,#N/A,#N/A,#N/A,#N/A,#N/A,#N/A,#N/A
1973,3,#N/A,#N/A,#N/A,#N/A,#N/A,#N/A,#N/A,#N/A
1973,4,#N/A,#N/A,#N/A,#N/A,#N/A,#N/A,#N/A,#N/A
1974,1,#N/A,#N/A,#N/A,#N/A,#N/A,#N/A,#N/A,#N/A
1974,2,#N/A,#N/A,#N/A,#N/A,#N/A,#N/A,#N/A,#N/A
1974,3,#N/A,#N/A,#N/A,#N/A,#N/A,#N/A,#N/A,#N/A
1974,4,#N/A,#N/A,#N/A,#N/A,#N/A,#N/A,#N/A,#N/A
1975,1,#N/A,#N/A,#N/A,#N/A,#N/A,#N/A,#N/A,#N/A
1975,2,#N/A,#N/A,#N/A,#N/A,#N/A,#N/A,#N/A,#N/A
1975,3,#N/A,#N/A,#N/A,#N/A,#N/A,#N/A,#N/A,#N/A
1975,4,#N/A,#N/A,#N/A,#N/A,#N/A,#N/A,#N/A,#N/A
1976,1,#N/A,#N/A,#N/A,#N/A,#N/A,#N/A,#N/A,#N/A
1976,2,#N/A,#N/A,#N/A,#N/A,#N/A,#N/A,#N/A,#N/A
1976,3,#N/A,#N/A,#N/A,#N/A,#N/A,#N/A,#N/A,#N/A
1976,4,#N/A,#N/A,#N/A,#N/A,#N/A,#N/A,#N/A,#N/A
1977,1,#N/A,#N/A,#N/A,#N/A,#N/A,#N/A,#N/A,#N/A
1977,2,#N/A,#N/A,#N/A,#N/A,#N/A,#N/A,#N/A,#N/A
1977,3,#N/A,#N/A,#N/A,#N/A,#N/A,#N/A,#N/A,#N/A
1977,4,#N/A,#N/A,#N/A,#N/A,#N/A,#N/A,#N/A,#N/A
1978,1,#N/A,#N/A,#N/A,#N/A,#N/A,#N/A,#N/A,#N/A
1978,2,#N/A,#N/A,#N/A,#N/A,#N/A,#N/A,#N/A,#N/A
1978,3,#N/A,#N/A,#N/A,#N/A,#N/A,#N/A,#N/A,#N/A
1978,4,#N/A,#N/A,#N/A,#N/A,#N/A,#N/A,#N/A,#N/A
1979,1,#N/A,#N/A,#N/A,#N/A,#N/A,#N/A,#N/A,#N/A
1979,2,#N/A,#N/A,#N/A,#N/A,#N/A,#N/A,#N/A,#N/A
1979,3,#N/A,#N/A,#N/A,#N/A,#N/A,#N/A,#N/A,#N/A
1979,4,#N/A,#N/A,#N/A,#N/A,#N/A,#N/A,#N/A,#N/A
1980,1,#N/A,#N/A,#N/A,#N/A,#N/A,#N/A,#N/A,#N/A
1980,2,#N/A,#N/A,#N/A,#N/A,#N/A,#N/A,#N/A,#N/A
1980,3,#N/A,#N/A,#N/A,#N/A,#N/A,#N/A,#N/A,#N/A
1980,4,#N/A,#N/A,#N/A,#N/A,#N/A,#N/A,#N/A,#N/A
1981,1,#N/A,#N/A,#N/A,#N/A,#N/A,#N/A,#N/A,#N/A
1981,2,#N/A,#N/A,#N/A,#N/A,#N/A,#N/A,#N/A,#N/A
1981,3,#N/A,#N/A,#N/A,#N/A,#N/A,#N/A,#N/A,#N/A
1981,4,#N/A,#N/A,#N/A,#N/A,#N/A,#N/A,#N/A,#N/A
1982,1,#N/A,#N/A,#N/A,#N/A,#N/A,#N/A,#N/A,#N/A
1982,2,#N/A,#N/A,#N/A,#N/A,#N/A,#N/A,#N/A,#N/A
1982,3,#N/A,#N/A,#N/A,#N/A,#N/A,#N/A,#N/A,#N/A
1982,4,#N/A,#N/A,#N/A,#N/A,#N/A,#N/A,#N/A,#N/A
1983,1,#N/A,#N/A,#N/A,#N/A,#N/A,#N/A,#N/A,#N/A
1983,2,#N/A,#N/A,#N/A,#N/A,#N/A,#N/A,#N/A,#N/A
1983,3,#N/A,#N/A,#N/A,#N/A,#N/A,#N/A,#N/A,#N/A
1983,4,#N/A,#N/A,#N/A,#N/A,#N/A,#N/A,#N/A,#N/A
1984,1,#N/A,#N/A,#N/A,#N/A,#N/A,#N/A,#N/A,#N/A
1984,2,#N/A,#N/A,#N/A,#N/A,#N/A,#N/A,#N/A,#N/A
1984,3,#N/A,#N/A,#N/A,#N/A,#N/A,#N/A,#N/A,#N/A
1984,4,#N/A,#N/A,#N/A,#N/A,#N/A,#N/A,#N/A,#N/A
1985,1,#N/A,#N/A,#N/A,#N/A,#N/A,#N/A,#N/A,#N/A
1985,2,#N/A,#N/A,#N/A,#N/A,#N/A,#N/A,#N/A,#N/A
1985,3,#N/A,#N/A,#N/A,#N/A,#N/A,#N/A,#N/A,#N/A
1985,4,#N/A,#N/A,#N/A,#N/A,#N/A,#N/A,#N/A,#N/A
1986,1,#N/A,#N/A,#N/A,#N/A,#N/A,#N/A,#N/A,#N/A
1986,2,#N/A,#N/A,#N/A,#N/A,#N/A,#N/A,#N/A,#N/A
1986,3,#N/A,#N/A,#N/A,#N/A,#N/A,#N/A,#N/A,#N/A
1986,4,#N/A,#N/A,#N/A,#N/A,#N/A,#N/A,#N/A,#N/A
1987,1,#N/A,#N/A,#N/A,#N/A,#N/A,#N/A,#N/A,#N/A
1987,2,#N/A,#N/A,#N/A,#N/A,#N/A,#N/A,#N/A,#N/A
1987,3,#N/A,#N/A,#N/A,#N/A,#N/A,#N/A,#N/A,#N/A
1987,4,#N/A,#N/A,#N/A,#N/A,#N/A,#N/A,#N/A,#N/A
1988,1,#N/A,#N/A,#N/A,#N/A,#N/A,#N/A,#N/A,#N/A
1988,2,#N/A,#N/A,#N/A,#N/A,#N/A,#N/A,#N/A,#N/A
1988,3,#N/A,#N/A,#N/A,#N/A,#N/A,#N/A,#N/A,#N/A
1988,4,#N/A,#N/A,#N/A,#N/A,#N/A,#N/A,#N/A,#N/A
1989,1,#N/A,#N/A,#N/A,#N/A,#N/A,#N/A,#N/A,#N/A
1989,2,#N/A,#N/A,#N/A,#N/A,#N/A,#N/A,#N/A,#N/A
1989,3,#N/A,#N/A,#N/A,#N/A,#N/A,#N/A,#N/A,#N/A
1989,4,#N/A,#N/A,#N/A,#N/A,#N/A,#N/A,#N/A,#N/A
1990,1,#N/A,#N/A,#N/A,#N/A,#N/A,#N/A,#N/A,#N/A
1990,2,#N/A,#N/A,#N/A,#N/A,#N/A,#N/A,#N/A,#N/A
1990,3,#N/A,#N/A,#N/A,#N/A,#N/A,#N/A,#N/A,#N/A
1990,4,#N/A,#N/A,#N/A,#N/A,#N/A,#N/A,#N/A,#N/A
1991,1,#N/A,#N/A,#N/A,#N/A,#N/A,#N/A,#N/A,#N/A
1991,2,#N/A,#N/A,#N/A,#N/A,#N/A,#N/A,#N/A,#N/A
1991,3,#N/A,#N/A,#N/A,#N/A,#N/A,#N/A,#N/A,#N/A
1991,4,#N/A,#N/A,#N/A,#N/A,#N/A,#N/A,#N/A,#N/A
1992,1,#N/A,#N/A,#N/A,#N/A,#N/A,#N/A,#N/A,#N/A
1992,2,#N/A,#N/A,#N/A,#N/A,#N/A,#N/A,#N/A,#N/A
1992,3,#N/A,#N/A,#N/A,#N/A,#N/A,#N/A,#N/A,#N/A
1992,4,#N/A,#N/A,#N/A,#N/A,#N/A,#N/A,#N/A,#N/A
1993,1,#N/A,#N/A,#N/A,#N/A,#N/A,#N/A,#N/A,#N/A
1993,2,#N/A,#N/A,#N/A,#N/A,#N/A,#N/A,#N/A,#N/A
1993,3,#N/A,#N/A,#N/A,#N/A,#N/A,#N/A,#N/A,#N/A
1993,4,#N/A,#N/A,#N/A,#N/A,#N/A,#N/A,#N/A,#N/A
1994,1,#N/A,#N/A,#N/A,#N/A,#N/A,#N/A,#N/A,#N/A
1994,2,#N/A,#N/A,#N/A,#N/A,#N/A,#N/A,#N/A,#N/A
1994,3,#N/A,#N/A,#N/A,#N/A,#N/A,#N/A,#N/A,#N/A
1994,4,#N/A,#N/A,#N/A,#N/A,#N/A,#N/A,#N/A,#N/A
1995,1,#N/A,#N/A,#N/A,#N/A,#N/A,#N/A,#N/A,#N/A
1995,2,#N/A,#N/A,#N/A,#N/A,#N/A,#N/A,#N/A,#N/A
1995,3,#N/A,#N/A,#N/A,#N/A,#N/A,#N/A,#N/A,#N/A
1995,4,#N/A,#N/A,#N/A,#N/A,#N/A,#N/A,#N/A,#N/A
1996,1,#N/A,#N/A,#N/A,#N/A,#N/A,#N/A,#N/A,#N/A
1996,2,#N/A,#N/A,#N/A,#N/A,#N/A,#N/A,#N/A,#N/A
1996,3,#N/A,#N/A,#N/A,#N/A,#N/A,#N/A,#N/A,#N/A
1996,4,#N/A,#N/A,#N/A,#N/A,#N/A,#N/A,#N/A,#N/A
1997,1,#N/A,#N/A,#N/A,#N/A,#N/A,#N/A,#N/A,#N/A
1997,2,#N/A,#N/A,#N/A,#N/A,#N/A,#N/A,#N/A,#N/A
1997,3,#N/A,#N/A,#N/A,#N/A,#N/A,#N/A,#N/A,#N/A
1997,4,#N/A,#N/A,#N/A,#N/A,#N/A,#N/A,#N/A,#N/A
1998,1,#N/A,#N/A,#N/A,#N/A,#N/A,#N/A,#N/A,#N/A
1998,2,#N/A,#N/A,#N/A,#N/A,#N/A,#N/A,#N/A,#N/A
1998,3,#N/A,#N/A,#N/A,#N/A,#N/A,#N/A,#N/A,#N/A
1998,4,#N/A,#N/A,#N/A,#N/A,#N/A,#N/A,#N/A,#N/A
1999,1,#N/A,#N/A,#N/A,#N/A,#N/A,#N/A,#N/A,#N/A
1999,2,#N/A,#N/A,#N/A,#N/A,#N/A,#N/A,#N/A,#N/A
1999,3,#N/A,#N/A,#N/A,#N/A,#N/A,#N/A,#N/A,#N/A
1999,4,#N/A,#N/A,#N/A,#N/A,#N/A,#N/A,#N/A,#N/A
2000,1,#N/A,#N/A,#N/A,#N/A,#N/A,#N/A,#N/A,#N/A
2000,2,#N/A,#N/A,#N/A,#N/A,#N/A,#N/A,#N/A,#N/A
2000,3,#N/A,#N/A,#N/A,#N/A,#N/A,#N/A,#N/A,#N/A
2000,4,#N/A,#N/A,#N/A,#N/A,#N/A,#N/A,#N/A,#N/A
2001,1,#N/A,#N/A,#N/A,#N/A,#N/A,#N/A,#N/A,#N/A
2001,2,#N/A,#N/A,#N/A,#N/A,#N/A,#N/A,#N/A,#N/A
2001,3,#N/A,#N/A,#N/A,#N/A,#N/A,#N/A,#N/A,#N/A
2001,4,#N/A,#N/A,#N/A,#N/A,#N/A,#N/A,#N/A,#N/A
2002,1,#N/A,#N/A,#N/A,#N/A,#N/A,#N/A,#N/A,#N/A
2002,2,#N/A,#N/A,#N/A,#N/A,#N/A,#N/A,#N/A,#N/A
2002,3,#N/A,#N/A,#N/A,#N/A,#N/A,#N/A,#N/A,#N/A
2002,4,#N/A,#N/A,#N/A,#N/A,#N/A,#N/A,#N/A,#N/A
2003,1,#N/A,#N/A,#N/A,#N/A,#N/A,#N/A,#N/A,#N/A
2003,2,#N/A,#N/A,#N/A,#N/A,#N/A,#N/A,#N/A,#N/A
2003,3,#N/A,#N/A,#N/A,#N/A,#N/A,#N/A,#N/A,#N/A
2003,4,#N/A,#N/A,#N/A,#N/A,#N/A,#N/A,#N/A,#N/A
2004,1,#N/A,#N/A,#N/A,#N/A,#N/A,#N/A,#N/A,#N/A
2004,2,#N/A,#N/A,#N/A,#N/A,#N/A,#N/A,#N/A,#N/A
2004,3,#N/A,#N/A,#N/A,#N/A,#N/A,#N/A,#N/A,#N/A
2004,4,#N/A,#N/A,#N/A,#N/A,#N/A,#N/A,#N/A,#N/A
2005,1,#N/A,#N/A,#N/A,#N/A,#N/A,#N/A,#N/A,#N/A
2005,2,#N/A,#N/A,#N/A,#N/A,#N/A,#N/A,#N/A,#N/A
2005,3,#N/A,#N/A,#N/A,#N/A,#N/A,#N/A,#N/A,#N/A
2005,4,#N/A,#N/A,#N/A,#N/A,#N/A,#N/A,#N/A,#N/A
2006,1,#N/A,#N/A,#N/A,#N/A,#N/A,#N/A,#N/A,#N/A
2006,2,#N/A,#N/A,#N/A,#N/A,#N/A,#N/A,#N/A,#N/A
2006,3,#N/A,#N/A,#N/A,#N/A,#N/A,#N/A,#N/A,#N/A
2006,4,#N/A,#N/A,#N/A,#N/A,#N/A,#N/A,#N/A,#N/A
2007,1,#N/A,#N/A,#N/A,#N/A,#N/A,#N/A,#N/A,#N/A
2007,2,#N/A,#N/A,#N/A,#N/A,#N/A,#N/A,#N/A,#N/A
2007,3,#N/A,#N/A,#N/A,#N/A,#N/A,#N/A,#N/A,#N/A
2007,4,#N/A,#N/A,#N/A,#N/A,#N/A,#N/A,#N/A,#N/A
2008,1,#N/A,#N/A,#N/A,#N/A,#N/A,#N/A,#N/A,#N/A
2008,2,#N/A,#N/A,#N/A,#N/A,#N/A,#N/A,#N/A,#N/A
2008,3,#N/A,#N/A,#N/A,#N/A,#N/A,#N/A,#N/A,#N/A
2008,4,#N/A,#N/A,#N/A,#N/A,#N/A,#N/A,#N/A,#N/A
2009,1,#N/A,#N/A,#N/A,#N/A,#N/A,#N/A,#N/A,#N/A
2009,2,#N/A,#N/A,#N/A,#N/A,#N/A,#N/A,#N/A,#N/A
2009,3,#N/A,#N/A,#N/A,#N/A,#N/A,#N/A,#N/A,#N/A
2009,4,#N/A,#N/A,#N/A,#N/A,#N/A,#N/A,#N/A,#N/A
2010,1,#N/A,1.0667,1.1,1.1,1.1,1.1,1.1,1.1
2010,2,#N/A,1,1.0029,1.0076,1.0417,1.03,1,1.02
2010,3,#N/A,1.2,1.2,1.15,1.1548,1.15,1.155,1.1751
2010,4,#N/A,1.0552,1.086,1.06,1.0793,1.04,1.1,1.07
2011,1,#N/A,1.072,1.05,1.055,1.09,1.08,1.0642,1.065
2011,2,#N/A,0.95,0.96,0.96,0.96,0.9639,0.95,0.96
2011,3,#N/A,0.8712,0.9,0.9112,0.891,0.9,0.869,0.923
2011,4,#N/A,1.13,1.05,1.0695,1.0549,1.05,0.985,1.0739
2012,1,#N/A,1.325,1.3,1.25,1.275,1.22,1.2663,1.1475
2012,2,#N/A,1.25,1.22,1.2,1.2,1.2,1.2225,1.1375
2012,3,#N/A,1.36,1.35,1.34,1.3333,1.33,1.3152,1.34
2012,4,#N/A,1.33,1.3,1.2,1.2,1.2,1.315,1.2
2013,1,#N/A,1,1.0301,1.035,1.05,1.05,1.03,1.1008
2013,2,#N/A,0.945,0.9768,0.995,0.98,1,0.9617,1
2013,3,#N/A,0.9,0.96,0.97,1,1,0.9331,1
2013,4,#N/A,0.85,0.9,0.9,0.9,0.89,0.8875,0.9
2014,1,#N/A,0.75,0.8,0.8105,0.8,0.835,0.8,0.84
2014,2,#N/A,0.7,0.7509,0.7867,0.81,0.8,0.7514,0.8
2014,3,#N/A,0.6,0.65,0.65,0.7,0.7176,0.645,0.7
2014,4,#N/A,0.74,0.75,0.75,0.75,0.75,0.66,0.75
2015,1,#N/A,0.91,0.932,0.9234,0.936,0.95,0.9377,0.975
2015,2,#N/A,0.95,0.93,0.95,1,0.9798,0.945,1
2015,3,#N/A,1.015,1,1,0.9999,1,0.9642,1
2015,4,#N/A,1.26,1.2333,1.2,1.1843,1.1877,1.07,1.2208
2016,1,#N/A,1.4102,1.4,1.4,1.4,1.2767,1.4,1.25
2016,2,#N/A,1.25,1.24,1.2365,1.2322,1.2046,1.29,1.2305
2016,3,#N/A,1,1.0383,1.065,1.05,1.05,1.1396,1.0563
2016,4,#N/A,0.93,0.96,1,1,1.0138,1.08,0.9875
2017,1,#N/A,0.8,0.8,0.85,0.9,0.9,0.85,0.98
2017,2,#N/A,0.7,0.7,0.7,0.72,0.7094,0.7,0.7456
2017,3,#N/A,0.7,0.7,0.7,0.715,0.7248,0.7,0.73
2017,4,#N/A,0.7,0.6995,0.7151,0.7662,0.7788,0.7,0.7262
2018,1,#N/A,0.7,0.725,0.7334,0.7176,0.7292,0.7248,0.7697
2018,2,#N/A,0.76,0.79,0.8,0.8,0.8,0.77,0.8
2018,3,#N/A,0.887,0.8997,0.9,0.9015,0.9,0.825,0.9
2018,4,#N/A,0.93,0.95,0.95,0.99,0.9957,0.8498,0.96
2019,1,#N/A,1.1432,1.1221,1.1029,1.1264,1.1392,1.1143,1.1333
2019,2,#N/A,1.02,1.02,1.05,1.0446,1.1,1.04,1.1
2019,3,#N/A,0.9933,1,1.0004,1,1,1.0303,1.0938
2019,4,#N/A,0.91,0.95,0.99,1,1,1,0.9875
2020,1,#N/A,0.885,0.9,0.9245,0.951,0.9566,0.9061,0.98
2020,2,#N/A,1.5,1.35,1.225,1.13,1.1474,1.2533,1.1083
2020,3,#N/A,1.1312,1.15,1.15,1.13,1.1,1.3,1.15
2020,4,#N/A,1.06,1.0233,1,1,1.02,1.15,1
2021,1,#N/A,0.9,0.95,1,1,1,0.95,1
2021,2,#N/A,0.72,0.72,0.75,0.77,0.795,0.7375,0.8
2021,3,#N/A,0.7,0.7,0.7287,0.7634,0.81,0.71,0.7874
2021,4,#N/A,0.7,0.7224,0.7572,0.7773,0.7914,0.7004,0.7621
2022,1,#N/A,0.68,0.6937,0.7161,0.7443,0.7709,0.7093,0.8342
2022,2,#N/A,0.8483,0.8985,0.9299,0.945,0.985,0.8526,0.97
2022,3,#N/A,1.1,1.1,1.0901,1.0611,1.0767,0.9783,1.09
2022,4,#N/A,1.1,1.2,1.1629,1.1219,1.1,0.9898,1.1737
2023,1,#N/A,1.07,1.1,1.1,1.1,1,1.09,1.065
2023,2,#N/A,1.0821,1.068,1.065,1.05,1.0491,1.0715,1.0716
2023,3,#N/A,1.05,1.055,1.0464,1.08,1.05,1.0661,1.0725
2023,4,#N/A,1.0157,1.05,1.0625,1.0693,1.0369,1.0611,1.0546
2024,1,#N/A,0.8928,0.9,0.9197,0.9021,0.9478,0.9127,0.9789
