YEAR,QUARTER,SPR_AAA_TBOND1,SPR_AAA_TBOND2,SPR_AAA_TBOND3,SPR_AAA_TBOND4,SPR_AAA_TBOND5,SPR_AAA_TBOND6,SPR_AAA_TBONDA,SPR_AAA_TBONDB
1968,4,#N/A,NaN,NaN,NaN,NaN,NaN,NaN,NaN
1969,1,#N/A,NaN,NaN,NaN,NaN,NaN,NaN,NaN
1969,2,#N/A,NaN,NaN,NaN,NaN,NaN,NaN,NaN
1969,3,#N/A,NaN,NaN,NaN,NaN,NaN,NaN,NaN
1969,4,#N/A,NaN,NaN,NaN,NaN,NaN,NaN,NaN
1970,1,#N/A,NaN,NaN,NaN,NaN,NaN,NaN,NaN
1970,2,#N/A,NaN,NaN,NaN,NaN,NaN,NaN,NaN
1970,3,#N/A,NaN,NaN,NaN,NaN,NaN,NaN,NaN
1970,4,#N/A,NaN,NaN,NaN,NaN,NaN,NaN,NaN
1971,1,#N/A,NaN,NaN,NaN,NaN,NaN,NaN,NaN
1971,2,#N/A,NaN,NaN,NaN,NaN,NaN,NaN,NaN
1971,3,#N/A,NaN,NaN,NaN,NaN,NaN,NaN,NaN
1971,4,#N/A,NaN,NaN,NaN,NaN,NaN,NaN,NaN
1972,1,#N/A,NaN,NaN,NaN,NaN,NaN,NaN,NaN
1972,2,#N/A,NaN,NaN,NaN,NaN,NaN,NaN,NaN
1972,3,#N/A,NaN,NaN,NaN,NaN,NaN,NaN,NaN
1972,4,#N/A,NaN,NaN,NaN,NaN,NaN,NaN,NaN
1973,1,#N/A,NaN,NaN,NaN,NaN,NaN,NaN,NaN
1973,2,#N/A,NaN,NaN,NaN,NaN,NaN,NaN,NaN
1973,3,#N/A,NaN,NaN,NaN,NaN,NaN,NaN,NaN
1973,4,#N/A,NaN,NaN,NaN,NaN,NaN,NaN,NaN
1974,1,#N/A,NaN,NaN,NaN,NaN,NaN,NaN,NaN
1974,2,#N/A,NaN,NaN,NaN,NaN,NaN,NaN,NaN
1974,3,#N/A,NaN,NaN,NaN,NaN,NaN,NaN,NaN
1974,4,#N/A,NaN,NaN,NaN,NaN,NaN,NaN,NaN
1975,1,#N/A,NaN,NaN,NaN,NaN,NaN,NaN,NaN
1975,2,#N/A,NaN,NaN,NaN,NaN,NaN,NaN,NaN
1975,3,#N/A,NaN,NaN,NaN,NaN,NaN,NaN,NaN
1975,4,#N/A,NaN,NaN,NaN,NaN,NaN,NaN,NaN
1976,1,#N/A,NaN,NaN,NaN,NaN,NaN,NaN,NaN
1976,2,#N/A,NaN,NaN,NaN,NaN,NaN,NaN,NaN
1976,3,#N/A,NaN,NaN,NaN,NaN,NaN,NaN,NaN
1976,4,#N/A,NaN,NaN,NaN,NaN,NaN,NaN,NaN
1977,1,#N/A,NaN,NaN,NaN,NaN,NaN,NaN,NaN
1977,2,#N/A,NaN,NaN,NaN,NaN,NaN,NaN,NaN
1977,3,#N/A,NaN,NaN,NaN,NaN,NaN,NaN,NaN
1977,4,#N/A,NaN,NaN,NaN,NaN,NaN,NaN,NaN
1978,1,#N/A,NaN,NaN,NaN,NaN,NaN,NaN,NaN
1978,2,#N/A,NaN,NaN,NaN,NaN,NaN,NaN,NaN
1978,3,#N/A,NaN,NaN,NaN,NaN,NaN,NaN,NaN
1978,4,#N/A,NaN,NaN,NaN,NaN,NaN,NaN,NaN
1979,1,#N/A,NaN,NaN,NaN,NaN,NaN,NaN,NaN
1979,2,#N/A,NaN,NaN,NaN,NaN,NaN,NaN,NaN
1979,3,#N/A,NaN,NaN,NaN,NaN,NaN,NaN,NaN
1979,4,#N/A,NaN,NaN,NaN,NaN,NaN,NaN,NaN
1980,1,#N/A,NaN,NaN,NaN,NaN,NaN,NaN,NaN
1980,2,#N/A,NaN,NaN,NaN,NaN,NaN,NaN,NaN
1980,3,#N/A,NaN,NaN,NaN,NaN,NaN,NaN,NaN
1980,4,#N/A,NaN,NaN,NaN,NaN,NaN,NaN,NaN
1981,1,#N/A,NaN,NaN,NaN,NaN,NaN,NaN,NaN
1981,2,#N/A,NaN,NaN,NaN,NaN,NaN,NaN,NaN
1981,3,#N/A,NaN,NaN,NaN,NaN,NaN,NaN,NaN
1981,4,#N/A,NaN,NaN,NaN,NaN,NaN,NaN,NaN
1982,1,#N/A,NaN,NaN,NaN,NaN,NaN,NaN,NaN
1982,2,#N/A,NaN,NaN,NaN,NaN,NaN,NaN,NaN
1982,3,#N/A,NaN,NaN,NaN,NaN,NaN,NaN,NaN
1982,4,#N/A,NaN,NaN,NaN,NaN,NaN,NaN,NaN
1983,1,#N/A,NaN,NaN,NaN,NaN,NaN,NaN,NaN
1983,2,#N/A,NaN,NaN,NaN,NaN,NaN,NaN,NaN
1983,3,#N/A,NaN,NaN,NaN,NaN,NaN,NaN,NaN
1983,4,#N/A,NaN,NaN,NaN,NaN,NaN,NaN,NaN
1984,1,#N/A,NaN,NaN,NaN,NaN,NaN,NaN,NaN
1984,2,#N/A,NaN,NaN,NaN,NaN,NaN,NaN,NaN
1984,3,#N/A,NaN,NaN,NaN,NaN,NaN,NaN,NaN
1984,4,#N/A,NaN,NaN,NaN,NaN,NaN,NaN,NaN
1985,1,#N/A,NaN,NaN,NaN,NaN,NaN,NaN,NaN
1985,2,#N/A,NaN,NaN,NaN,NaN,NaN,NaN,NaN
1985,3,#N/A,NaN,NaN,NaN,NaN,NaN,NaN,NaN
1985,4,#N/A,NaN,NaN,NaN,NaN,NaN,NaN,NaN
1986,1,#N/A,NaN,NaN,NaN,NaN,NaN,NaN,NaN
1986,2,#N/A,NaN,NaN,NaN,NaN,NaN,NaN,NaN
1986,3,#N/A,NaN,NaN,NaN,NaN,NaN,NaN,NaN
1986,4,#N/A,NaN,NaN,NaN,NaN,NaN,NaN,NaN
1987,1,#N/A,NaN,NaN,NaN,NaN,NaN,NaN,NaN
1987,2,#N/A,NaN,NaN,NaN,NaN,NaN,NaN,NaN
1987,3,#N/A,NaN,NaN,NaN,NaN,NaN,NaN,NaN
1987,4,#N/A,NaN,NaN,NaN,NaN,NaN,NaN,NaN
1988,1,#N/A,NaN,NaN,NaN,NaN,NaN,NaN,NaN
1988,2,#N/A,NaN,NaN,NaN,NaN,NaN,NaN,NaN
1988,3,#N/A,NaN,NaN,NaN,NaN,NaN,NaN,NaN
1988,4,#N/A,NaN,NaN,NaN,NaN,NaN,NaN,NaN
1989,1,#N/A,NaN,NaN,NaN,NaN,NaN,NaN,NaN
1989,2,#N/A,NaN,NaN,NaN,NaN,NaN,NaN,NaN
1989,3,#N/A,NaN,NaN,NaN,NaN,NaN,NaN,NaN
1989,4,#N/A,NaN,NaN,NaN,NaN,NaN,NaN,NaN
1990,1,#N/A,NaN,NaN,NaN,NaN,NaN,NaN,NaN
1990,2,#N/A,NaN,NaN,NaN,NaN,NaN,NaN,NaN
1990,3,#N/A,NaN,NaN,NaN,NaN,NaN,NaN,NaN
1990,4,#N/A,NaN,NaN,NaN,NaN,NaN,NaN,NaN
1991,1,#N/A,NaN,NaN,NaN,NaN,NaN,NaN,NaN
1991,2,#N/A,NaN,NaN,NaN,NaN,NaN,NaN,NaN
1991,3,#N/A,NaN,NaN,NaN,NaN,NaN,NaN,NaN
1991,4,#N/A,NaN,NaN,NaN,NaN,NaN,NaN,NaN
1992,1,#N/A,1.05,1.05,1,1,0.97,1,0.9
1992,2,#N/A,0.9,0.9,0.9,0.96,0.92,0.91,0.925
1992,3,#N/A,1.21,1.2,1.125,1.075,1.01,1.065,1.07
1992,4,#N/A,1.375,1.315,1.315,1.3,1.24,1.165,1.3
1993,1,#N/A,1.3,1.3,1.3,1.25,1.225,1.3,1.2
1993,2,#N/A,1.455,1.45,1.435,1.42,1.35,1.47,1.325
1993,3,#N/A,1.4,1.38,1.39,1.3,1.3,1.4,1.3
1993,4,#N/A,1.3,1.25,1.3,1.27,1.25,1.35,1.3
1994,1,#N/A,1.2,1.19,1.15,1.2,1.16,1.18,1.1
1994,2,#N/A,0.92,0.98,0.99,0.985,0.995,0.995,1
1994,3,#N/A,0.84,0.875,0.88,0.9,0.865,0.9,0.885
1994,4,#N/A,0.8,0.85,0.85,0.86,0.85,0.9,0.85
1995,1,#N/A,0.75,0.755,0.72,0.77,0.825,0.71,0.85
1995,2,#N/A,0.9,0.86,0.9,0.9,0.85,0.88,0.86
1995,3,#N/A,1.1,1.05,1,1,1,1,1
1995,4,#N/A,1.065,1,1,1.03,1.01,1,1
1996,1,#N/A,1.1,1.1,1.1,1.04,1.1,1.08,1.065
1996,2,#N/A,1,1,1,1,1,1.03,1
1996,3,#N/A,0.9,0.9,0.9,0.94,0.95,0.95,0.91
1996,4,#N/A,0.9,0.96,1,0.98,0.94,0.94,0.94
1997,1,#N/A,0.9,0.9,0.9,0.9,0.9,0.9,0.9
1997,2,#N/A,0.9,0.89,0.9,0.88,0.9,0.89,0.89
1997,3,#N/A,0.9,0.9,0.9,0.9,0.9,0.89,0.9
1997,4,#N/A,0.94,0.915,0.905,0.9,0.945,0.9,0.905
1998,1,#N/A,1,1,0.95,0.97,0.98,1,0.97
1998,2,#N/A,1,1,0.99,0.995,0.95,1,0.97
1998,3,#N/A,1.05,1.05,1.01,1.04,1.04,1.05,1.005
1998,4,#N/A,1.41,1.35,1.25,1.255,1.21,1.24,1.285
1999,1,#N/A,1.5,1.4,1.35,1.35,1.325,1.4,1.3
1999,2,#N/A,1.395,1.35,1.3,1.3,1.25,1.35,1.225
1999,3,#N/A,1.38,1.38,1.315,1.275,1.275,1.39,1.255
1999,4,#N/A,1.4,1.355,1.26,1.27,1.3,1.42,1.305
2000,1,#N/A,1.25,1.25,1.2,1.24,1.23,1.24,1.2
2000,2,#N/A,1.485,1.48,1.435,1.46,1.415,1.39,1.415
2000,3,#N/A,1.535,1.515,1.5,1.455,1.5,1.495,1.495
2000,4,#N/A,1.755,1.72,1.725,1.71,1.64,1.59,1.705
2001,1,#N/A,1.9,1.85,1.8,1.7,1.7,1.8,1.7
2001,2,#N/A,2,2,1.95,1.8,1.8,2,1.76
2001,3,#N/A,1.95,1.94,1.91,1.875,1.9,1.97,1.815
2001,4,#N/A,2.36,2.19,2.15,2.005,1.995,2.12,2.05
2002,1,#N/A,1.705,1.8,1.625,1.585,1.5,1.725,1.515
2002,2,#N/A,1.505,1.505,1.435,1.45,1.4,1.49,1.38
2002,3,#N/A,1.88,1.725,1.65,1.575,1.55,1.7,1.58
2002,4,#N/A,2.25,2.2,2.07,2,1.92,1.89,2.01
2003,1,#N/A,2.15,2.09,1.94,1.85,1.74,2,1.51
2003,2,#N/A,1.91,1.9,1.8,1.75,1.75,1.945,1.655
2003,3,#N/A,1.57,1.51,1.5,1.49,1.5,1.7,1.45
2003,4,#N/A,1.42,1.42,1.425,1.415,1.43,1.67,1.44
2004,1,#N/A,1.4,1.4,1.4,1.35,1.3,1.4,1.3
2004,2,#N/A,1.4,1.3555,1.32,1.3,1.3,1.39,1.2
2004,3,#N/A,1.35,1.35,1.355,1.305,1.3,1.355,1.305
2004,4,#N/A,1.3385,1.3,1.315,1.3,1.219,1.36,1.3
2005,1,#N/A,1.2,1.2,1.209,1.12,1.12,1.15,1.13
2005,2,#N/A,1.02,1.02,1.05,1.03,1.067,1.04,1.1
2005,3,#N/A,0.933,1.01,1.0125,1,1.01,0.999,1.013
2005,4,#N/A,0.9,0.905,0.99,0.9895,0.99,0.95,0.99
2006,1,#N/A,0.9,0.95,0.97,1,1.002,0.95,1.0255
2006,2,#N/A,0.85,0.885,0.9,0.9454,0.9697,0.8642,0.975
2006,3,#N/A,0.82,0.9,0.9,0.9135,0.9188,0.845,0.9
2006,4,#N/A,0.8,0.8,0.81,0.88,0.85,0.81,0.82
2007,1,#N/A,0.7474,0.7615,0.8,0.8,0.8,0.7833,0.8
2007,2,#N/A,0.758,0.7752,0.7914,0.797,0.8,0.75,0.8
2007,3,#N/A,0.8,0.8,0.8,0.8,0.81,0.76,0.8225
2007,4,#N/A,1.15,1.1,1.08,1.08,1.06,0.9,1.08
2008,1,#N/A,1.3829,1.45,1.3078,1.2512,1.2,1.39,1.1
2008,2,#N/A,1.77,1.685,1.615,1.56,1.46,1.72,1.415
2008,3,#N/A,1.6959,1.6836,1.6,1.5496,1.5,1.71,1.5
2008,4,#N/A,2.4116,2.284,2.2,2.0067,1.87,1.91,2.14
2009,1,#N/A,2.47,2.35,2.27,2.2,2.09,2.285,1.9361
2009,2,#N/A,2.35,2.2113,2.18,2.1,2.0133,2.315,2
2009,3,#N/A,1.9,1.685,1.6232,1.5911,1.605,2.09,1.5405
2009,4,#N/A,1.7366,1.6851,1.6241,1.6077,1.6025,2.0593,1.6257
2010,1,#N/A,1.6,1.6,1.6,1.55,1.5292,1.5575,1.4992
2010,2,#N/A,1.49,1.5029,1.4896,1.462,1.41,1.525,1.4
2010,3,#N/A,1.6567,1.55,1.5404,1.5046,1.4592,1.5771,1.5
2010,4,#N/A,1.9361,1.8,1.8,1.8,1.74,1.7,1.7803
2011,1,#N/A,1.65,1.6511,1.63,1.6,1.5,1.6525,1.45
2011,2,#N/A,1.7,1.65,1.6187,1.6,1.6,1.66,1.55
2011,3,#N/A,1.84,1.82,1.79,1.75,1.67,1.81,1.695
2011,4,#N/A,1.8619,1.845,1.7932,1.7929,1.79,1.857,1.8
2012,1,#N/A,1.9,1.85,1.82,1.79,1.76,1.8309,1.71
2012,2,#N/A,1.85,1.8616,1.85,1.81,1.7712,1.8599,1.7553
2012,3,#N/A,1.95,1.9,1.9,1.85,1.8,1.91,1.8625
2012,4,#N/A,1.76,1.8028,1.8,1.8,1.75,1.85,1.8
2013,1,#N/A,1.805,1.8,1.8,1.8,1.8,1.8,1.75
2013,2,#N/A,1.915,1.915,1.9,1.86,1.8351,1.9168,1.835
2013,3,#N/A,1.8032,1.8303,1.825,1.8,1.74,1.8902,1.77
2013,4,#N/A,1.8367,1.8,1.8,1.8,1.8,1.888,1.8
2014,1,#N/A,1.8,1.75,1.75,1.7,1.6924,1.73,1.6183
2014,2,#N/A,1.5546,1.55,1.55,1.59,1.5514,1.58,1.525
2014,3,#N/A,1.64,1.634,1.64,1.6,1.57,1.6221,1.58
2014,4,#N/A,1.61,1.59,1.5635,1.6,1.6,1.62,1.57
2015,1,#N/A,1.6083,1.585,1.55,1.5592,1.55,1.575,1.527
2015,2,#N/A,1.6,1.605,1.565,1.55,1.55,1.598,1.542
2015,3,#N/A,1.7591,1.75,1.703,1.7,1.7,1.7027,1.6988
2015,4,#N/A,1.8438,1.7892,1.7565,1.75,1.7369,1.7613,1.75
2016,1,#N/A,1.96,1.8655,1.8673,1.8,1.8,1.8931,1.8293
2016,2,#N/A,1.85,1.85,1.8731,1.85,1.85,1.9053,1.8377
2016,3,#N/A,1.82,1.7924,1.8123,1.85,1.849,1.8775,1.84
2016,4,#N/A,1.7403,1.7534,1.75,1.7,1.7,1.847,1.7295
2017,1,#N/A,1.563,1.5,1.5621,1.61,1.58,1.5236,1.56
2017,2,#N/A,1.5616,1.58,1.6,1.55,1.6,1.565,1.55
2017,3,#N/A,1.495,1.497,1.505,1.505,1.5027,1.52,1.4991
2017,4,#N/A,1.36,1.377,1.3946,1.35,1.3746,1.4558,1.34
2018,1,#N/A,1.1377,1.15,1.1,1.1545,1.1679,1.135,1.1874
2018,2,#N/A,1.0367,1.07,1.1,1.08,1.1,1.0325,1.09
2018,3,#N/A,1.0139,1.0463,1.1,1.115,1.125,1.0108,1.1225
2018,4,#N/A,1,1.01,1.0345,1.0195,1.0621,1,1.0491
2019,1,#N/A,1.135,1.1405,1.125,1.145,1.135,1.1287,1.2
2019,2,#N/A,1.19,1.171,1.1568,1.145,1.1479,1.185,1.15
2019,3,#N/A,1.2505,1.25,1.2315,1.2345,1.225,1.2408,1.2133
2019,4,#N/A,1.2802,1.2556,1.2663,1.25,1.25,1.2518,1.255
2020,1,#N/A,1.2233,1.205,1.2275,1.2,1.2,1.225,1.22
2020,2,#N/A,1.785,1.7621,1.7055,1.6,1.5397,1.7023,1.57
2020,3,#N/A,1.65,1.69,1.69,1.66,1.6,1.5588,1.65
2020,4,#N/A,1.5,1.55,1.5,1.5,1.55,1.6,1.5
2021,1,#N/A,1.42,1.4,1.378,1.37,1.3566,1.393,1.3258
2021,2,#N/A,1.33,1.34,1.35,1.35,1.3743,1.36,1.37
2021,3,#N/A,1.26,1.29,1.3,1.2605,1.2605,1.3266,1.2632
2021,4,#N/A,1.18,1.19,1.179,1.23,1.25,1.28,1.25
2022,1,#N/A,1.15,1.194,1.1809,1.1846,1.175,1.1748,1.2275
2022,2,#N/A,1.2,1.3133,1.32,1.35,1.21,1.2691,1.2225
2022,3,#N/A,1.2,1.2,1.22,1.22,1.2,1.1975,1.21
2022,4,#N/A,1.135,1.2,1.2,1.175,1.175,1.1751,1.1882
2023,1,#N/A,0.92,1,1.0436,1.0922,1.0891,1,1.0175
2023,2,#N/A,1.015,1,1.025,1.0663,1.0653,0.9842,1.0268
2023,3,#N/A,0.8637,0.8929,0.9422,0.9478,0.9711,0.907,0.8988
2023,4,#N/A,0.8388,0.8862,0.9,0.9195,0.9766,0.8713,0.9216
2024,1,#N/A,0.794,0.82,0.8566,0.8995,0.95,0.857,1.0063
