YEAR,QUARTER,TBOND1,TBOND2,TBOND3,TBOND4,TBOND5,TBOND6,TBONDA,TBONDB,TBONDC,TBONDD
1968,4,NaN,NaN,NaN,NaN,NaN,NaN,NaN,NaN,#N/A,#N/A
1969,1,NaN,NaN,NaN,NaN,NaN,NaN,NaN,NaN,#N/A,#N/A
1969,2,NaN,NaN,NaN,NaN,NaN,NaN,NaN,NaN,#N/A,#N/A
1969,3,NaN,NaN,NaN,NaN,NaN,NaN,NaN,NaN,#N/A,#N/A
1969,4,NaN,NaN,NaN,NaN,NaN,NaN,NaN,NaN,#N/A,#N/A
1970,1,NaN,NaN,NaN,NaN,NaN,NaN,NaN,NaN,#N/A,#N/A
1970,2,NaN,NaN,NaN,NaN,NaN,NaN,NaN,NaN,#N/A,#N/A
1970,3,NaN,NaN,NaN,NaN,NaN,NaN,NaN,NaN,#N/A,#N/A
1970,4,NaN,NaN,NaN,NaN,NaN,NaN,NaN,NaN,#N/A,#N/A
1971,1,NaN,NaN,NaN,NaN,NaN,NaN,NaN,NaN,#N/A,#N/A
1971,2,NaN,NaN,NaN,NaN,NaN,NaN,NaN,NaN,#N/A,#N/A
1971,3,NaN,NaN,NaN,NaN,NaN,NaN,NaN,NaN,#N/A,#N/A
1971,4,NaN,NaN,NaN,NaN,NaN,NaN,NaN,NaN,#N/A,#N/A
1972,1,NaN,NaN,NaN,NaN,NaN,NaN,NaN,NaN,#N/A,#N/A
1972,2,NaN,NaN,NaN,NaN,NaN,NaN,NaN,NaN,#N/A,#N/A
1972,3,NaN,NaN,NaN,NaN,NaN,NaN,NaN,NaN,#N/A,#N/A
1972,4,NaN,NaN,NaN,NaN,NaN,NaN,NaN,NaN,#N/A,#N/A
1973,1,NaN,NaN,NaN,NaN,NaN,NaN,NaN,NaN,#N/A,#N/A
1973,2,NaN,NaN,NaN,NaN,NaN,NaN,NaN,NaN,#N/A,#N/A
1973,3,NaN,NaN,NaN,NaN,NaN,NaN,NaN,NaN,#N/A,#N/A
1973,4,NaN,NaN,NaN,NaN,NaN,NaN,NaN,NaN,#N/A,#N/A
1974,1,NaN,NaN,NaN,NaN,NaN,NaN,NaN,NaN,#N/A,#N/A
1974,2,NaN,NaN,NaN,NaN,NaN,NaN,NaN,NaN,#N/A,#N/A
1974,3,NaN,NaN,NaN,NaN,NaN,NaN,NaN,NaN,#N/A,#N/A
1974,4,NaN,NaN,NaN,NaN,NaN,NaN,NaN,NaN,#N/A,#N/A
1975,1,NaN,NaN,NaN,NaN,NaN,NaN,NaN,NaN,#N/A,#N/A
1975,2,NaN,NaN,NaN,NaN,NaN,NaN,NaN,NaN,#N/A,#N/A
1975,3,NaN,NaN,NaN,NaN,NaN,NaN,NaN,NaN,#N/A,#N/A
1975,4,NaN,NaN,NaN,NaN,NaN,NaN,NaN,NaN,#N/A,#N/A
1976,1,NaN,NaN,NaN,NaN,NaN,NaN,NaN,NaN,#N/A,#N/A
1976,2,NaN,NaN,NaN,NaN,NaN,NaN,NaN,NaN,#N/A,#N/A
1976,3,NaN,NaN,NaN,NaN,NaN,NaN,NaN,NaN,#N/A,#N/A
1976,4,NaN,NaN,NaN,NaN,NaN,NaN,NaN,NaN,#N/A,#N/A
1977,1,NaN,NaN,NaN,NaN,NaN,NaN,NaN,NaN,#N/A,#N/A
1977,2,NaN,NaN,NaN,NaN,NaN,NaN,NaN,NaN,#N/A,#N/A
1977,3,NaN,NaN,NaN,NaN,NaN,NaN,NaN,NaN,#N/A,#N/A
1977,4,NaN,NaN,NaN,NaN,NaN,NaN,NaN,NaN,#N/A,#N/A
1978,1,NaN,NaN,NaN,NaN,NaN,NaN,NaN,NaN,#N/A,#N/A
1978,2,NaN,NaN,NaN,NaN,NaN,NaN,NaN,NaN,#N/A,#N/A
1978,3,NaN,NaN,NaN,NaN,NaN,NaN,NaN,NaN,#N/A,#N/A
1978,4,NaN,NaN,NaN,NaN,NaN,NaN,NaN,NaN,#N/A,#N/A
1979,1,NaN,NaN,NaN,NaN,NaN,NaN,NaN,NaN,#N/A,#N/A
1979,2,NaN,NaN,NaN,NaN,NaN,NaN,NaN,NaN,#N/A,#N/A
1979,3,NaN,NaN,NaN,NaN,NaN,NaN,NaN,NaN,#N/A,#N/A
1979,4,NaN,NaN,NaN,NaN,NaN,NaN,NaN,NaN,#N/A,#N/A
1980,1,NaN,NaN,NaN,NaN,NaN,NaN,NaN,NaN,#N/A,#N/A
1980,2,NaN,NaN,NaN,NaN,NaN,NaN,NaN,NaN,#N/A,#N/A
1980,3,NaN,NaN,NaN,NaN,NaN,NaN,NaN,NaN,#N/A,#N/A
1980,4,NaN,NaN,NaN,NaN,NaN,NaN,NaN,NaN,#N/A,#N/A
1981,1,NaN,NaN,NaN,NaN,NaN,NaN,NaN,NaN,#N/A,#N/A
1981,2,NaN,NaN,NaN,NaN,NaN,NaN,NaN,NaN,#N/A,#N/A
1981,3,NaN,NaN,NaN,NaN,NaN,NaN,NaN,NaN,#N/A,#N/A
1981,4,NaN,NaN,NaN,NaN,NaN,NaN,NaN,NaN,#N/A,#N/A
1982,1,NaN,NaN,NaN,NaN,NaN,NaN,NaN,NaN,#N/A,#N/A
1982,2,NaN,NaN,NaN,NaN,NaN,NaN,NaN,NaN,#N/A,#N/A
1982,3,NaN,NaN,NaN,NaN,NaN,NaN,NaN,NaN,#N/A,#N/A
1982,4,NaN,NaN,NaN,NaN,NaN,NaN,NaN,NaN,#N/A,#N/A
1983,1,NaN,NaN,NaN,NaN,NaN,NaN,NaN,NaN,#N/A,#N/A
1983,2,NaN,NaN,NaN,NaN,NaN,NaN,NaN,NaN,#N/A,#N/A
1983,3,NaN,NaN,NaN,NaN,NaN,NaN,NaN,NaN,#N/A,#N/A
1983,4,NaN,NaN,NaN,NaN,NaN,NaN,NaN,NaN,#N/A,#N/A
1984,1,NaN,NaN,NaN,NaN,NaN,NaN,NaN,NaN,#N/A,#N/A
1984,2,NaN,NaN,NaN,NaN,NaN,NaN,NaN,NaN,#N/A,#N/A
1984,3,NaN,NaN,NaN,NaN,NaN,NaN,NaN,NaN,#N/A,#N/A
1984,4,NaN,NaN,NaN,NaN,NaN,NaN,NaN,NaN,#N/A,#N/A
1985,1,NaN,NaN,NaN,NaN,NaN,NaN,NaN,NaN,#N/A,#N/A
1985,2,NaN,NaN,NaN,NaN,NaN,NaN,NaN,NaN,#N/A,#N/A
1985,3,NaN,NaN,NaN,NaN,NaN,NaN,NaN,NaN,#N/A,#N/A
1985,4,NaN,NaN,NaN,NaN,NaN,NaN,NaN,NaN,#N/A,#N/A
1986,1,NaN,NaN,NaN,NaN,NaN,NaN,NaN,NaN,#N/A,#N/A
1986,2,NaN,NaN,NaN,NaN,NaN,NaN,NaN,NaN,#N/A,#N/A
1986,3,NaN,NaN,NaN,NaN,NaN,NaN,NaN,NaN,#N/A,#N/A
1986,4,NaN,NaN,NaN,NaN,NaN,NaN,NaN,NaN,#N/A,#N/A
1987,1,NaN,NaN,NaN,NaN,NaN,NaN,NaN,NaN,#N/A,#N/A
1987,2,NaN,NaN,NaN,NaN,NaN,NaN,NaN,NaN,#N/A,#N/A
1987,3,NaN,NaN,NaN,NaN,NaN,NaN,NaN,NaN,#N/A,#N/A
1987,4,NaN,NaN,NaN,NaN,NaN,NaN,NaN,NaN,#N/A,#N/A
1988,1,NaN,NaN,NaN,NaN,NaN,NaN,NaN,NaN,#N/A,#N/A
1988,2,NaN,NaN,NaN,NaN,NaN,NaN,NaN,NaN,#N/A,#N/A
1988,3,NaN,NaN,NaN,NaN,NaN,NaN,NaN,NaN,#N/A,#N/A
1988,4,NaN,NaN,NaN,NaN,NaN,NaN,NaN,NaN,#N/A,#N/A
1989,1,NaN,NaN,NaN,NaN,NaN,NaN,NaN,NaN,#N/A,#N/A
1989,2,NaN,NaN,NaN,NaN,NaN,NaN,NaN,NaN,#N/A,#N/A
1989,3,NaN,NaN,NaN,NaN,NaN,NaN,NaN,NaN,#N/A,#N/A
1989,4,NaN,NaN,NaN,NaN,NaN,NaN,NaN,NaN,#N/A,#N/A
1990,1,NaN,NaN,NaN,NaN,NaN,NaN,NaN,NaN,#N/A,#N/A
1990,2,NaN,NaN,NaN,NaN,NaN,NaN,NaN,NaN,#N/A,#N/A
1990,3,NaN,NaN,NaN,NaN,NaN,NaN,NaN,NaN,#N/A,#N/A
1990,4,NaN,NaN,NaN,NaN,NaN,NaN,NaN,NaN,#N/A,#N/A
1991,1,NaN,NaN,NaN,NaN,NaN,NaN,NaN,NaN,#N/A,#N/A
1991,2,NaN,NaN,NaN,NaN,NaN,NaN,NaN,NaN,#N/A,#N/A
1991,3,NaN,NaN,NaN,NaN,NaN,NaN,NaN,NaN,#N/A,#N/A
1991,4,NaN,NaN,NaN,NaN,NaN,NaN,NaN,NaN,#N/A,#N/A
1992,1,7.35,7.25,7.25,7.4,7.5,7.57,7.345,7.7,#N/A,#N/A
1992,2,7.3,7.45,7.47,7.5,7.57,7.7,7.46,7.75,#N/A,#N/A
1992,3,7.38,6.7,6.785,6.8,6.965,7.085,7.02,6.985,#N/A,#N/A
1992,4,6.62,6.7,6.7,6.76,6.76,6.9,7,6.8,#N/A,#N/A
1993,1,6.74,6.5,6.55,6.6,6.7,6.825,6.56,7,#N/A,#N/A
1993,2,6.28,6.04,6.1,6.21,6.3,6.35,6.16,6.35,#N/A,#N/A
1993,3,5.99,5.75,5.85,6,6,6.02,6,6.01,#N/A,#N/A
1993,4,5.61,5.6,5.6,5.63,5.7,5.79,5.88,5.65,#N/A,#N/A
1994,1,5.61,5.8,5.8,5.9,5.9,5.9,5.85,6.03,#N/A,#N/A
1994,2,6.07,7.08,7,6.85,6.725,6.795,6.76,6.67,#N/A,#N/A
1994,3,7.08,7.2,7.2,7.11,7.1,7.1,6.9,7.1,#N/A,#N/A
1994,4,7.33,7.87,8.05,8,7.91,7.71,7.09,7.93,#N/A,#N/A
1995,1,7.84,7.7,7.8,7.6,7.5,7.3,7.64,7.45,#N/A,#N/A
1995,2,7.48,6.95,7.05,7.16,7.23,7.2,7.145,7.18,#N/A,#N/A
1995,3,6.62,6.48,6.5,6.49,6.5,6.485,6.75,6.525,#N/A,#N/A
1995,4,6.32,6,6,6,6,6.1,6.6,6.05,#N/A,#N/A
1996,1,5.89,5.8,5.7,5.68,5.75,5.8,5.725,5.8,#N/A,#N/A
1996,2,5.91,6.6,6.55,6.5,6.4,6.3,6.35,6.3,#N/A,#N/A
1996,3,6.72,6.7,6.72,6.735,6.6,6.5,6.5,6.56,#N/A,#N/A
1996,4,6.78,6.42,6.4,6.4,6.305,6.29,6.46,6.38,#N/A,#N/A
1997,1,6.34,6.46,6.36,6.335,6.335,6.34,6.345,6.38,#N/A,#N/A
1997,2,6.56,6.8,6.8,6.83,6.77,6.7,6.78,6.61,#N/A,#N/A
1997,3,6.7,6.385,6.5,6.535,6.51,6.365,6.5,6.39,#N/A,#N/A
1997,4,6.24,6.015,6.17,6.26,6.24,6.12,6.38,6.2,#N/A,#N/A
1998,1,5.91,5.6,5.695,5.76,5.75,5.79,5.69,5.85,#N/A,#N/A
1998,2,5.59,5.7,5.75,5.8,5.9,6,5.71,5.99,#N/A,#N/A
1998,3,5.6,5.5,5.6,5.675,5.72,5.76,5.585,5.75,#N/A,#N/A
1998,4,5.2,4.7,4.74,4.75,4.95,5.1,5.28,4.9,#N/A,#N/A
1999,1,4.67,4.81,4.91,4.95,5.1,5.1,4.92,5.2,#N/A,#N/A
1999,2,4.98,5.35,5.33,5.35,5.37,5.4,5.28,5.4,#N/A,#N/A
1999,3,5.54,5.9,5.9,5.87,5.8,5.85,5.59,5.85,#N/A,#N/A
1999,4,5.88,6,6.02,6.1,6.15,6.15,5.6,6.1,#N/A,#N/A
2000,1,6.14,6.6,6.575,6.5,6.435,6.3,6.535,6.275,#N/A,#N/A
2000,2,6.48,6.375,6.5,6.59,6.57,6.465,6.495,6.435,#N/A,#N/A
2000,3,6.18,6.08,6.1,6.1,6.1,6.1,6.2,6.1,#N/A,#N/A
2000,4,5.89,5.8,5.85,5.85,5.86,5.8,6.1,5.86,#N/A,#N/A
2001,1,5.57,5.1,5.08,5.15,5.2,5.305,5.11,5.32,#N/A,#N/A
2001,2,5.05,5.125,5.035,5.035,5.1,5.135,5.08,5.23,#N/A,#N/A
2001,3,5.27,5.1,5.2,5.3,5.3,5.37,5.18,5.355,#N/A,#N/A
2001,4,4.98,4.4,4.29,4.47,4.7,5,4.93,4.61,#N/A,#N/A
2002,1,4.77,5.015,5.11,5.2,5.265,5.4,5.2,5.52,#N/A,#N/A
2002,2,5.08,5.195,5.305,5.475,5.6,5.635,5.27,5.7,#N/A,#N/A
2002,3,5.1,4.5,4.6,4.9,5.18,5.3,4.8,5.225,#N/A,#N/A
2002,4,4.26,3.985,4.09,4.225,4.46,4.665,4.6,4.355,#N/A,#N/A
2003,1,4.01,4.005,4.2,4.4,4.63,4.875,4.335,5.1,#N/A,#N/A
2003,2,3.92,3.96,4.16,4.295,4.47,4.6,4.1,4.715,#N/A,#N/A
2003,3,3.62,4.2,4.3,4.4,4.5,4.75,4,4.6,#N/A,#N/A
2003,4,4.23,4.4,4.5,4.62,4.8,4.93,4.04,4.75,#N/A,#N/A
2004,1,4.29,4.2,4.415,4.65,4.845,5.005,4.54,5.2725,#N/A,#N/A
2004,2,4.02,4.55,4.8,5,5.2,5.335,4.576,5.233,#N/A,#N/A
2004,3,4.6,4.6,4.81,5.1455,5.35,5.4665,4.5,5.381,#N/A,#N/A
2004,4,4.3,4.29,4.5,4.71,4.975,5.13,4.3,4.8,#N/A,#N/A
2005,1,4.17,4.25,4.49,4.7,4.91,5.1,4.6,5.25,#N/A,#N/A
2005,2,4.3,4.4,4.62,4.85,5.05,5.2,4.568,5.2,#N/A,#N/A
2005,3,4.16,4.354,4.6,4.8,4.95,5.04,4.369,4.995,#N/A,#N/A
2005,4,4.21,4.6,4.9,5.15,5.2,5.2,4.312,5.1,#N/A,#N/A
2006,1,4.49,4.6,4.8,4.85,4.9,5,4.8,4.99,#N/A,#N/A
2006,2,4.57,5.1,5.23,5.25,5.25,5.2,5.05,5.155,#N/A,#N/A
2006,3,5.07,5.1089,5.24,5.2,5.21,5.225,5.01,5.21,#N/A,#N/A
2006,4,4.9,4.78,4.8102,4.9,4.95,5,4.8258,4.925,#N/A,#N/A
2007,1,4.63,4.7867,4.83,4.87,4.98,4.995,4.87,5,#N/A,#N/A
2007,2,4.68,4.7,4.7667,4.8,4.9,4.9,4.7459,4.92,#N/A,#N/A
2007,3,4.85,4.87,4.975,5.015,5.1,5.125,4.8492,5.1063,#N/A,#N/A
2007,4,4.73,4.4533,4.5,4.57,4.6751,4.7674,4.68,4.6332,#N/A,#N/A
2008,1,4.26,3.6744,3.675,3.8167,4,4.1679,3.7633,4.36,#N/A,#N/A
2008,2,3.66,3.75,3.8,3.93,4.1,4.2,3.7817,4.25,#N/A,#N/A
2008,3,3.89,4,4.0929,4.22,4.3106,4.5,3.9,4.35,#N/A,#N/A
2008,4,3.86,3.7857,3.8,3.87,3.95,4,3.8,3.9,#N/A,#N/A
2009,1,3.25,2.7107,2.9,3.05,3.175,3.5,2.9625,3.5842,#N/A,#N/A
2009,2,2.74,3,3.06,3.2,3.3181,3.5,3,3.5512,#N/A,#N/A
2009,3,3.31,3.63,3.775,3.9,3.95,4.075,3.3625,4.05,4.525,5.125
2009,4,3.52,3.5,3.6,3.6948,3.864,4,3.2654,3.78,4.335,4.7
2010,1,3.46,3.7,3.784,4,4.1,4.275,3.9045,4.4687,4.78,4.95
2010,2,3.72,3.7801,3.91,4,4.14,4.4,3.8575,4.4,4.9,5.025
2010,3,3.49,3.0865,3.283,3.5,3.66,3.775,3.38,3.6875,4.4,4.725
2010,4,2.79,2.54,2.6,2.765,2.95,3.25,3.136,2.8657,3.9344,4.5
2011,1,2.86,3.4,3.5,3.5848,3.75,4,3.55,4.1275,4.5,4.8868
2011,2,3.46,3.4443,3.65,3.75,3.9712,4.08,3.6,4.1947,4.5,5.0808
2011,3,3.21,2.9305,3.1186,3.31,3.45,3.6,3.1458,3.4708,4.1875,4.5
2011,4,2.43,2.25,2.35,2.5,2.555,2.7366,2.825,2.5179,3.0694,3.9
2012,1,2.05,2.0093,2.14,2.3,2.4,2.5463,2.205,2.8554,3.4794,4
2012,2,2.04,2.1,2.25,2.3488,2.445,2.581,2.175,2.6225,3.15,3.89
2012,3,1.82,1.58,1.7,1.8,2,2.2,1.7878,2.1,2.74,3.3
2012,4,1.64,1.75,1.8,1.8881,2.115,2.25,1.8063,2.075,2.58,3.02
2013,1,1.71,1.905,2,2.1362,2.2935,2.4511,2.1,2.6039,3.25,3.75
2013,2,1.95,1.84,2,2.1,2.27,2.4646,1.97,2.4997,3.02,3.59
2013,3,2,2.5984,2.6186,2.7,2.8095,2.9621,2.3,2.9,3.325,3.75
2013,4,2.71,2.7,2.85,2.9615,3.1,3.2,2.3423,3.0002,3.4989,3.85
2014,1,2.75,2.836,3,3.12,3.25,3.4,3.06,3.577,4.05,4.4308
2014,2,2.76,2.75,2.925,3.05,3.1879,3.3785,2.86,3.4711,4.0131,4.4926
2014,3,2.62,2.65,2.82,3.035,3.21,3.46,2.7086,3.33,3.929,4.3562
2014,4,2.5,2.41,2.5956,2.79,3,3.15,2.5759,2.86,3.4295,3.94
2015,1,2.28,1.9711,2.2222,2.43,2.515,2.75,2.3,3.1082,3.8625,4.085
2015,2,1.97,2.1076,2.288,2.407,2.614,2.775,2.2175,2.8501,3.54,3.8
2015,3,2.17,2.35,2.535,2.7,2.8661,2.901,2.26,2.88,3.405,3.775
2015,4,2.22,2.29,2.445,2.5785,2.7035,2.8455,2.15,2.6621,3.225,3.64
2016,1,2.19,2.1076,2.29,2.4,2.5,2.7,2.3613,2.8175,3.245,3.5
2016,2,1.92,1.9,2.08,2.205,2.309,2.448,2.03,2.5107,3.2467,3.62
2016,3,1.75,1.6,1.8,1.9659,2.1,2.3,1.7545,2.2,2.8637,3.3
2016,4,1.56,1.8,1.91,2.0002,2.15,2.3,1.7561,2.0995,2.665,3.23
2017,1,2.13,2.47,2.5973,2.66,2.8,2.8688,2.6331,3,3.4,3.6
2017,2,2.44,2.43,2.6,2.7017,2.8,2.9149,2.5571,2.9625,3.5,3.7
2017,3,2.26,2.3604,2.51,2.6079,2.725,2.9356,2.4,2.8388,3.425,3.635
2017,4,2.24,2.4183,2.5553,2.685,2.79,2.95,2.3417,2.75,3.275,3.3825
2018,1,2.37,2.73,2.9,3,3.05,3.19,2.92,3.3813,3.52,3.7142
2018,2,2.76,2.95,3.1,3.223,3.32,3.467,3.0019,3.4625,3.66,3.7342
2018,3,2.92,3,3.1245,3.2834,3.3333,3.43,2.95,3.4,3.6023,3.6695
2018,4,2.93,3.183,3.29,3.4,3.4967,3.5,2.9478,3.4,3.6,3.695
2019,1,3.03,2.75,2.85,2.9,2.97,3.08,2.875,3.11,3.25,3.4
2019,2,2.65,2.5978,2.6216,2.695,2.72,2.77,2.63,2.79,3.05,3.1
2019,3,2.33,2.075,2.0787,2.1811,2.2435,2.3027,2.295,2.27,2.555,2.81
2019,4,1.8,1.745,1.7875,1.85,1.95,2.0068,2.1308,1.89,2.21,2.6
2020,1,1.79,1.74,1.8055,1.915,1.9671,2.0244,1.8725,2.1016,2.5,2.65
2020,2,1.38,0.674,0.75,0.7951,0.95,1.1,0.9,1.2101,1.7125,2.0453
2020,3,0.69,0.6221,0.72,0.775,0.875,0.9283,0.8575,0.9375,1.5,1.7931
2020,4,0.65,0.795,0.85,0.95,1,1.1471,0.8792,0.99,1.3,1.6125
2021,1,0.86,1.1343,1.2,1.2894,1.4,1.5,1.24,1.6408,1.898,2.05
2021,2,1.32,1.665,1.8,1.9,2,2,1.6568,2.0599,2.25,2.479
2021,3,1.59,1.4,1.565,1.6304,1.73,1.855,1.4775,1.78,2.2,2.4802
2021,4,1.32,1.6177,1.7375,1.79,1.91,2.065,1.46,1.9,2.3748,2.721
2022,1,1.54,1.8356,2,2.15,2.27,2.3809,2.0625,2.5648,2.815,3.03
2022,2,1.94,2.88,3.05,3.06,3.1901,3.2,2.7725,3.21,3.4038,3.2175
2022,3,2.93,3.01,3.2641,3.3158,3.33,3.355,2.785,3.4171,3.495,3.56
2022,4,3.11,4.04,4.1938,4.2012,4.0817,4,3,4.16,3.8375,3.65
2023,1,3.83,3.6415,3.775,3.8646,3.6854,3.55,3.7639,3.52,3.45,3.3185
2023,2,3.65,3.575,3.625,3.575,3.5,3.5,3.61,3.4478,3.335,3.3637
2023,3,3.59,3.96,3.9,3.8,3.7,3.695,3.7738,3.6925,3.6,3.6663
2023,4,4.15,4.5917,4.47,4.39,4.21,4.0321,3.9975,4.3,4.0238,3.95
2024,1,4.44,4.0731,4,3.8539,3.8,3.7725,3.9309,3.6958,3.7,3.697
