"This spreadsheet contains the high-frequency FOMC announcement and SVAR data used in the paper:"
"A Reassessment of Monetary Policy Surprises and High-Frequency Identification"
"by Michael Bauer and Eric Swanson, to be published in the 2022 NBER Macroeconomics Annual."
"Link to NBER working paper"
""
"High-Frequency FOMC Announcement Surprises sheet"
"This worksheet contains the data for the high-frequency asset price regressions in Section 4 of the paper."
"The original source of these data (columns A-O) is the paper ""Speeches by the Fed Chair Are More Important than FOMC Announcements: An Improved High-Frequency Measure of U.S. Monetary Policy Shocks,"" by Eric Swanson and Vishuddhi Jayawickrema, a draft of which is available on Eric Swanson's website (or will be available shortly)."
"For additional details about the data construction, see the above two papers."
"This spreadsheet contains data for the FOMC announcements, but currently excludes data for the Fed Chair speeches and other types of monetary policy announcements (FOMC minutes releases, speeches by the Vice Chair) that are included in Bauer-Swanson and/or Swanson-Jayawickrema. These other data will likely be released at some point in the future."
""
"Column A reports the date and column B the time of each FOMC announcement from January 1988 through December 2019, as determined by Swanson and Jayawickrema (2022).  As discussed in detail in that paper, FOMC decisions were explicitly announced from January 1994 onward, and announced very clearly via an open market operation or discount rate change press release in 1992 and 1993.  Prior to 1992, the Federal Reserve was much more subtle in its policy change announcements.  It sometimes took the markets several days of open market operations to be sure that a policy change had occurred, so there are sometimes effectively two or three announcements in a row over those days.  Also, prior to 1992, an announced change in the discount rate was not always viewed by market participants as also implying a change in the federal funds rate, so there can be two announcements on the same day:  one at the time of the discount rate change press release and a second at the time of the open market operation."
"Column C contains an indicator variable for whether the announcement corresponds to an unscheduled FOMC conference call as opposed to a regularly-scheduled FOMC meeting."
"Columns D through O report the intradaily, 30-minute window financial market reponses to the FOMC announcements, calculated based on intraday data from Tickdata.com:"
"- Columns D and E report the current-month and next-month federal funds futures responses (FF1 and FF2) from January 2010 onward, when those data are available in Tickdata."
"- Columns F through I report the responses of the current-quarter Eurodollar futures contract (ED1), next-quarter ED futures contract (ED2), and the two- and three-quarter-ahead ED futures contracts (ED3 and ED4)."
"- Columns J and K report 100 times the log stock market futures response as measured by the S&P500 futures contract (SP500) and e-mini S&P 500 futures contract (SP500 emini)."
"- Columns L through O report the 2-year, 5-year, 10-year, and 30-year Treasury yield responses, as measured from Treasury note and Treasury bond futures. Note that 2-year and 5-year Treasury futures did not begin trading until 1991 and July 1988, respectively."
"Note that, in the earlier years of the sample, ED and Treasury futures began trading each day at about 8:20am Eastern time, while S&P500 futures began trading at 9:30am Eastern time, the same time as the stock market open.  There are a few FOMC announcements that occurred before the S&P500 futures market opened; for those announcements, the change from the previous market close is used, but on two dates (2/1/91 and 7/2/92) that window overlaps with an Employment Report release, effectively contaminating the stock market response to the FOMC announcement.  Those responses are highlighted in red as a warning not to use them unless you are OK with the contamination."
"Column P reports the raw, unadjusted monetary policy surprise (MPS) measure from Bauer-Swanson (2022), computed as the first principal component of the changes in ED1-ED4, scaled so that the impact on ED4 is unity."
"Column Q reports the orthogonalized monetary policy surprise (MPS_ORTH) measure, computed as the residuals from regressing MPS on the six macro and financial variables listed in Table 1 of Bauer-Swanson (2022)."
"Columns R through W report the six macroeconomic and financial variables from Table 1 of Bauer-Swanson (2022), used to perform the orthogonalization described above:"
"- Column R reports the surprise component of the most recent Nonfarm Payrolls release (NFP_SURP)."
"- Column S reports the log change in nonfarm payrolls over the past 12 months, multiplied by 100 (NFP_12M)"
"- Column T reports the log change in the S&P 500 from 13 weeks prior to the announcement to the day before the announcement (SP500_3M)"
"- Column U reports the change in the yield curve slope (as defined in Bauer-Swanson) from 13 weeks prior to the announcement to the day before the announcement (SLOPE_3M)."
"- Column V reports the log change in the Bloomberg BCOM commodity price index from 13 weeks before the FOMC announcement to the day before the FOMC announcement (BCOM_3M)."
"- Column W reports the implied skewness (TR_SKEW) of the 10-year Treasury yield the day before the announcement, as computed in Bauer and Chernov (2022) using options on Treasury futures."
""
"Note that all of the analysis in Bauer-Swanson (2022) excludes the post-9/11 FOMC announcement on 9/17/2001.  Financial markets were closed from 9/11/01 until 9/17/01 and the FOMC announcement occurred before the market open, making it impossible to separate the effects of the FOMC announcement from the effects of the terrorist attacks.  The responses to that announcement are highlighted in red as a warning not to use them unless you are OK with the contamination."
""
"Monthly SVAR Data sheet"
"This worksheet contains the data for the monthly SVARs and LPs in Section 5 of the paper."
"The data are monthly and run from January 1973 to February 2022.  The EBP data begins in January 1973, preventing us from starting the sample earlier."
"Columns B through G are publicly available and from the data sources mentioned in the paper."
"Column H (""MPS"") is the monthly version of the monetary policy surprise instrument, using FOMC announcements only.  This is the variable that was used in Figures 2 and 3 of the paper.  To create the monthly MPS variable, we added up all of the high-frequency monetary policy surprises in each month.  For months from 1988 to 2019 that do not contain an FOMC announcement, we set the corresponding monthly value of the monetary policy surprise to zero."
"Column I (""MPS_ORTH"") is the monthly version of the monetary policy surprise instrument, using FOMC announcements only, orthogonalized with respect to the news variables discussed in Table 1 of the paper.  We computed this orthogonalized version by regression the raw monthly surprises in Column H on the news variables.  If there was more than one FOMC announcement in a given month, then the values of the news variables for the first announcement that month were used."
"Columns J through O provide the news variables that were used to perform the orthogonalization."
""
""
"Change log:"
"4/28/2022 initial release"
"5/9/2022 corrected timing of NFP surprise (use current report if released morning of FOMC), affects columns MPS_ORTH, NFP_SURP"
"8/15/2022 added the ""Monthly SVAR Data"" worksheet to help people replicated the SVAR results in the paper.  Also fixed a small error  in the ""High-Freq FOMC Announcemt Surp"" worksheet: previously, the data had not been de-meaned before computing the MPS first principal component; this updated version now de-means the underlying data and then takes the first principal component."
